Titulo,Fecha
Is Fortnite worth playing in 2022?,2023
Fortnite or PUBG,2022
how many level you have in fortnite,2022
FORNITE VS PUBG,2023
Fortnite or Minecraft?,2023
Why do YOU still play fortnite?,2023
fortnite or roblox,2023
Fortnite Or Roblox? What do you choose?,2023
what are your fortnite skins ?,2023
how to win in fortnite,2023
Is Fortnite good or bad for kids?,2022
fortnite is dead,2021
Fortnite battle Royal ,2022
VALORANT OR FORNITE ,2022
Fortnite vs CSGO,2022
fortnite or apex legends?,2021
fortnite game lol,2021
Fornite vs Pubg,2022
Fortnite or Pubg,2020
Fortnite or pubg?,2021
Is fortnite getting badder due to updates?,2022
Valorant vs. Fortnite,2021
Fortnite Battle Royale Vietnamese community 'crying half-heartedly' before the raging hacking,2021
Fortnite moments only og's remember..,2022
How long have you been playing fortnite ,2021
When you start play fortnite??,2019
In Fortnite you can have cool skins,2021
Fortnite all night i want some XP :D,2021
fortnite battle royale,2021
fortnite do tou to join my clan,2021
Fortnite or Pubg? ..... i think Fortnite,2021
Do u think fortnite fun,2021
Fortnite or apex?,2021
Do you preffer Fortnite Or Valorant,2021
Fortnite number one,2021
Is Fortnite still popular?,2021
fortnite or pubg,2021
Wich platform ur in playing fortnite?,2021
is fortnite dying? cause ive not seen fortnite videos on my recommended,2021
fornite not good,2021
Minecraft is better than fortnite no cap,2021
fornite is game,2019
Fortnite rating,2021
What are your favourite fortnite skins?,2021
anyone play fortnite,2021
is fortnite still relevant?,2021
Fortnite is overrated .,2021
Fortnite is a nice game but ..,2021
fortnite kinda sucks ,2021
fortnite or dota 2 ,2021
Fortnite is dead,2021
I like fortnite,2021
Is the fortnite community getting toxic day by day?,2021
Fortnite Update and Raytracing Features,2021
Is fortnite dying?,2021
i love fornite you guys?,2021
Fortnite lets go,2021
Full Story of fortnite,2021
RECURSE GAMING - community for avid gamers - hosting weekly Fortnite tournaments with cash prizes!,2021
rate fortnite improvement,2021
Best esports player in fortnite?,2020
Favorite Current Weapon/Item in Fortnite BR?,2021
We Like Fortnite!!!!,2021
building in fortnite,2021
fortnite dead?,2021
2k or fortnite which is better,2021
Does anyone else think that the old days of Fortnite were better?,2021
how wants to play with me fortnite battle royal,2021
fortnite is really fun,2021
fornite ... A nice game,2020
Comments reviews and ratings of the game - FORNITE,2020
Fortnite season 3 the fail season ,2020
what's the best event about you in fortnite battle royal,2020
was it right for fortnite to go against apple and get deleted off of the app store,2020
My cooment me Fortnite,2020
What platform do you have to playing Fortnite?,2020
Opinions of Fortnite?,2020
fortnite very good wonderful game,2020
You like Fortnite or PUBG???,2020
fortnite level,2020
fortnite game modes,2020
Fortnite Season 5 Stutter and Lag fixed for Intel HD graphics,2020
Fortnite is taking over the world,2020
I don't like fortnite,2020
Fortnite became less played game ,2020
Best esports player in fortnite? New Thread Follow,2020
Best esports player in fortnite? New Thread Follow New NEw,2020
fortnite gamers ,2020
When did you quit fortnite?,2020
Who cant get the Fortnite Battle Pass are very griefed now.,2020
Fortnite Season 5 IS Here!!! ,2020
What do you think about the Fortnite Exotics,2020
Fortnite talk,2020
What is your favourite thing to do in Fortnite?,2020
"Fortnite ""Internet Connection Lost"" ",2020
Favourite fortnite season,2020
For you did among us surpassed fortnite,2020
Fortnite a onaması kolay mı ?,2020
Imagine playing fortnite *** ew,2020
Fornite Good or what? why?Why not?,2020
fortnite lovers,2020
DO YOU LIKE FORTNITE! ME I LIKE IT!,2020
Fortnite chapter 2,2020
2017s fornite or 2020s,2020
Fortnite got boring over the years ,2020
pubg or fortnite,2020
bad game fortnite,2020
Fortnite in season 4 chapter 1.,2020
Fortnite comp is getting messed up ,2020
Fortnite is good,2020
Is fortnite dying,2020
FortNite İs For The Good Game For Pros,2020
FORNITE OR APEX,2020
is Fortnite still famous?,2020
Fortnite is good,2020
Is fortnite a good game?,2020
Fortnite is good because it defends whole gaming word from toxic kids,2020
Fortnite or valorant,2020
old fortnite better than the newest ,2020
Is fortnite bad or its just the community?,2020
Why do 9 years old play Fortnite?,2020
Why is Fortnite so popular,2020
Your fortnite opinion. ,2020
fornite on mobile,2020
Why is fortnite so coool,2020
i like fortnite ,2020
pubg fortnite realm royale,2020
Csgo or fortnite,2020
fortnite or pubg,2020
"Fortnite ""Internet Connection Lost"" ",2018
I like FORTNITE so much ,2020
fortnite is dieing,2020
imagine playing fortnite,2020
Fortnite is the best,2020
fortnite or pubg,2020
What is your favourite Fortnite youtubers? ,2020
Reviews and ratings of the game: Fortnite,2020
fortnite game guzel oyi,2020
Origin of fortnite ?,2020
Can fortnite be compared to CS GO in the future?,2020
we like fortnite ,2020
Your fortnite opinion. ,2020
Problems in my fortnite,2020
Problems in my fortnite,2020
Fortnite The Pubg killer????????????,2020
Fortnite season 4,2020
how to get better at fornite,2020
why is like fortnite,2020
ko voli fortnite,2020
Fortnite or fortnite mobile? ,2020
Fortnite battle royale,2020
what is the best season in fortnite?,2020
Does Fortnite have a lot of toxic players?,2020
good things about fortnite ,2020
fortnite uses Bots?,2020
WHy do people hate fortnite so much?,2020
pubg or fornite,2020
Fortnite is dead???,2020
Best way to play fortnite? ,2020
Fortnite ISN'T dead,2020
I like fortnite and ,2020
tell one joke about fornite ,2020
are you a pro or noob in fortnite,2020
fortnite skins are very nice,2020
fortnite is dying ,2020
Fortnite Season X was the worst season,2020
Fortnite vs overwatch,2020
Any good game to replace fortnite? ,2020
fortnite or apex?,2020
Fortnite is a good game it's battle royale was fun,2020
Pog Fortnite closing on moblile,2020
Fortnite or fortnite mobile? ,2020
Fortnite vs pubge,2020
Fortnite is never going to die!,2020
Fortnite or Pubg?,2020
FOrnite is really good game or not?,2020
fortnite stw is bad or good game?,2020
fortnite or apex?,2020
Fortnite how good,2020
What is Fortnite ??,2020
Fortnite Season 14 ,2020
Fortnite Sensitivity ,2020
Fortnite save the world,2020
Fornite 2 coming out,2020
Fortnite Skins,2020
Is fortnite ever gonna get any more people??,2020
WHAT IS YOUR FAWORITE WEAPON IN FORTNITE,2020
Fortnite Battle Royale,2020
Fortnite VS Minecraft,2020
Fortnite Currency ,2020
CS:GO or FORTNITE,2020
Fortnite bon Android,2018
fortnite was better before season 9 do you agree?,2020
fortnite or overwatch ?,2020
Fortnite or PUBG?,2020
what do you think fortnite should add?,2020
Who is the best fortnite player,2020
Fortnite or PUBG,2020
my muscle memory is just fortnite for now,2020
Fortnite was a good game but isn't anymore,2020
who want to play with me FORTNITE,2020
comment is fortnite better than minecraft,2020
fortnite or call of duty,2020
how to win a solo game in Fortnite?,2020
fortnite or minecraft? lol,2020
fortnite or Pubg,2020
Fortnite Pro Only,2020
Is Fortnite a decent game to play in the first place?,2020
Fortnite is dead because of chapter two,2020
whats ur favourite fortnite skin?,2020
fornite is game,2020
Fortnite just created a black hole!,2019
Fortnite hangout!,2020
Fortnite free in Epic Game stores If you didnt know,2020
Am I the single one who doesn't think Fortnite is fun or good anymore?,2020
fortnite or call of duty mobile?,2020
Fortnite is game,2020
What are the best weapons in fortnite,2020
I heard that fortnite is long players,2020
Fortnite season 3,2020
where fortnite is now in the gaming community,2020
why do you like fortnite?,2020
Best way to get VBucks on Fortnite?,2020
What do you believe Fortnite needs to change to become a better game again?,2020
fortnite battle royale,2020
What is your favorite skin in fortnite?,2020
Fortnite in nintendo switch?!!?,2020
Which is your favourite skin in Fortnite ,2020
Fortnite or The cycle,2020
FORTNITE - Lazarbeam-OR-NINJA-Review,2020
fortnite vs PUBG,2020
What’s the best skin in Fortnite (rarity),2020
which is your favorite fortnite youtuber?,2020
is fortnite bad?,2020
Was youtubers good at fortnite?,2020
the reason fortnite is kept alive,2020
how Fortnite Battle Pass ruined gaming,2020
Looking forward to the new season in fortnite yes or no,2020
Fortnite or Pubg,2020
Is fortnite actually fun?,2020
Fortnite Event Delayed (Whats Your Opinion),2020
Fortnite is kill,2020
Fortnite events,2020
need fortnite duo partner,2020
fortnite players,2020
What happened to Fortnite?,2020
who thinks fortnite is trash,2020
Is Fortnite cross platform?,2020
is fortnite dying?,2020
Fortnite Season 3,2020
Fortnite or Pubg,2020
Fortnite bp,2020
FORTNITE SUCKS PUBG IS BETTER,2020
Fortnite Skins,2020
Do you guys feel Fortnite is dying a bit?,2020
What Fortnite Skin,2020
Which artist do u think might perform next in Fortnite,2020
I like fortnite,2020
Why is Fortnite getting bad reviews recently?,2020
Best fortnite trickshot?,2020
is fortnite fun?,2020
Does Fortnite Deserve the Hate?,2020
Why do people hate fortnite? (I personally agree but i wanna see why other people hate it),2020
ROBLOX OR FORTNITE?!,2020
Minecraft or fortnite? ,2020
que es lo peor que ha echo fortnite,2020
PUPG OR FORTNITE?,2020
Which skin is the best in fortnite?,2020
Is fortnite a good game? ,2020
A Fortnite major problem,2020
fortnite weapons,2020
who likes fortnite,2020
fortnite a good game,2020
fortnite or Valorant,2020
What is your favorite weapon in fortnite,2020
Is Fortnite a Great game? To me it is dying And the community is getting Horrifying,2020
Fortnite vs Roblox vs Pubg,2020
fortnite pro,2020
whats fortnite,2020
is fortnite's base game good?,2020
Who is your favourite Fortnite Skin,2020
Fortnite is beast and i play it every day,2020
fortnite is bad?,2020
fortnite is Next Update New Helicopter who ?,2020
fortnite best professtional player you love ?,2020
Fortnite is good,2020
who play fortnite,2020
Is fortnite adead or Bad game ?,2020
Is Fortnite a trash game ?,2020
I love Fortnite,2020
Fortnite Teammates,2020
Fortnite nintendo switch,2020
Heey fortnite ,2020
Fortnite Mobile News,2020
What is your favorite drop spot in fortnite,2020
Fortnite or roblox?,2020
fortnite easy gems,2020
Out of 10 how much do u rate Fortnite?,2020
How to play Fortnite on ps4,2020
Is fortnite even worth playing in 2020?,2020
fortnite is not worth it,2020
What is your best skin in Fortnite?,2020
Tell me if you think fortnite is a dead and dumb game,2020
Fortnite is the best Game ever,2020
can 2 player play fortnite once from same ps4,2020
can someone gift me an fortnite acc,2020
Tell me if you think fortnite is a dead and dumb game,2020
Fortnite is bad or good?,2020
fortnite is Bugs soo High ?,2020
Bet playeslrs un fortnite ,2020
Skins in fortnite,2020
Is fortnite playable now?,2020
wow very nice game thanks fortnite,2020
Fortnite hakkında,2020
Fortnite better than Pubg,2020
Are you a pro fortnite player?,2018
fortnite vs minecraft vs roblox,2020
FortnitePubgApex Legends Free Fire...,2020
Minecraft or fortnite,2020
epic games need to fix fortnite or this game isnt going anywhere ,2020
Whats Your Favorite Skin or Location in fortnite,2020
Ratings of Fortnite,2020
which seasons did you play fortnite?,2020
what do you think about fornite commumity?,2020
Fortnite: Battle royale,2020
Should i continue playing fortnite?,2020
What is your favorite skin in Fortnite?,2020
Fortnite For Kids,2020
I actually thought that there were no way to get fortnite skins but here i am...,2020
Fortnite [launched by epic games],2020
is fortnite good?,2020
Fortnite battle royale,2020
Fortnite is an alive game? Answer is....,2020
fortnite free cod pve 5PR! NG-G! FT-GA20,2020
I need a Fortnite Community Manager!,2020
Zubser fortnite,2020
fortnite live event marsmelov vs travis scoot,2020
Fortnite is the best,2020
İs Fortnite ded,2020
Fortnite or pubg?,2020
Fortnite best,2020
fortnite in 2k20 is trash,2020
Fortnite favorite item,2020
FORTNITE E UN GIOCO BRUTTO E D,2020
Fortnite Battle Royale Season 2 ,2020
Guys WHo can give me Fortnite Codes ?,2020
Fortnite the best game!,2020
Fortnite is the best online game,2020
Chapter 2 season 2 fortnite Battle royale,2020
Rate Fortnite,2020
Awesome Fortnite Highlights,2020
FORTNITE E LEZZO,2020
Travis scott event in Fortnite,2020
fortnite is dying?,2020
Fortnite Rating,2020
TopixOfFOrtnite,2020
Why do you play Fortnite?,2020
why the fortnite fandom is so cringe ,2020
Fan Fortnite,2020
Is Fortnite fun?,2020
Fortnite free acc for me?,2020
Fortnite is good,2020
Playing fortnite,2020
Im better than fortnite and you are better than tfue,2020
Mario or Fortnite ,2020
Why do you like Fortnite?,2020
Fortnite very cool game ha,2020
fortnite epic game,2020
Fortnite is for,2020
Fortnite sucks lol,2020
Is Fortnite Taking Over The World?,2020
What About Fortnite ,2020
Fortnite Season,2020
Fortnite vs H1Z1,2020
What is the first thing that comes in your mind when you thing of Fortnite,2020
Does anyone wants Fortnite Lite and Fortnight Mobile Lite to come.,2020
I Hate Fortnite,2020
Fortnite Being Fortnite,2020
Is fortnite fun,2020
fortnite building tips ,2020
Fortnite battle royale,2020
Just a lil warning before i open a fortnite chest,2020
argh i love fortnite ,2020
Fortnite its a good game to take ur anfer out on ,2020
Do you think Bugha is the best fortnite players,2020
do you think that fortnite is gonna die real soon ?,2020
Fortnite popularity,2020
Fortnite hate/love,2020
fortnite is the best battle royale game ,2020
Is fortnite worth playing in 2020?,2020
Does Fortnite give free Characters,2020
fortnite battle royale vs save the world mod?,2020
fortnite best,2020
FORTNITE SHOULD BRING BACK TILTED TOWERS,2020
Fortnite Wimewins,2020
fortnite is cool,2020
Fortnite for,2020
Fortnite 0.1/10000 ,2020
fortnite battle royale is it good?,2020
Who can be my coach in Fortnite?,2020
Fortnite facts that you will love,2020
Fortnite is so good! ,2020
Why do u like fortnite?,2020
What is your favourite Skin in fortnite,2020
Fortnite or PUBG?Which is better?,2020
How to become a pro in fortnite?,2020
Fortnite Battle Royale or Fortnite Save The World,2020
what do you think of helicopters in fortnite?,2020
FORTNITE BATTLE ROYALE,2020
Fortnite Season One Players?,2020
Who needs coach in Fortnite,2020
Fortnite vs COD Warzone,2020
What is the best? Fortnite PUBG Tf2 or ROBLOX? COMMENT DOWN,2020
fortnite is ded right?,2020
Is Fortnite a Bad Game?,2019
Fortnite is a good game?,2020
Fortnite lost some players?,2020
How much FPS do you have in fortnite?,2020
Premium 100% FORTNITE,2020
Fortnite had many people play ?,2020
is fortnite ded yet,2020
FORTNITE USED TO BE MY FAVORITE GAME BECAUSE OF THE CHALLANGES BUT NOW ITS KINDA CONFUSING BECAUSE OF THE UPDATE,2020
FORTNITE HAS TO BE MY ONE OF THE GAME THAT I PLAY ALL THE TIME AND ITS REALLY FUN TO PLAY WITH FRIENDS,2020
Has fortnite died recently?,2020
fortnite is epic games game ,2020
Fortnite or Roblox :D,2020
Fortnite or Apex Legend ?,2020
Gun Pools Fortnite,2020
Fortnite is atleast a good game somewhat just the kids ruining,2020
Fortnite vs TF2,2020
Vediamo chi preferisce lil “nuovo” FORTNITE rispetto al “vecchio”,2020
Fortnite is best game ever,2020
Do you guys think Fortnite is Dying?,2020
this is the best game ever i played it so much i love fortnite ,2020
Why do you play fortnite?,2020
Bbzjfhfhfhfhfhfhfh fortnite ,2020
WHO LIKE FORTNITE GRAPHIC,2020
FORTNITE KIDS,2020
Fortnite battle royale,2020
lets play fortnite ,2020
Fortnite Battle Royale favourite guns,2020
WHO LIKE FORTNITE,2020
Fortnite vs TF2,2020
FORTNITE WHAT PLACE DO YOU LIKE,2020
You love a fortnite,2020
Fortnite vs Apex ,2020
Fortnite vs Roblox ,2020
Tips for fortnite?,2020
Fortnite sucks yes or no,2020
Fortnite should be respected,2020
Fortnite yes or no ,2020
Your favorite fortnite game mode?,2020
Fortnites Popularity ,2020
Fortnite: Dead or not?,2020
What if Fortnite turns into an FPS game,2020
fortnite top,2020
Is fortnite good or bad?,2020
Fortnite is the best game ever.,2020
fortnite dead,2020
PUBG OR FORNITE,2020
FORTNITE WHAT PLACE DO YOU LIKE,2020
Release Date On Fortnite Mobile,2020
call of duty warzone or fortnite,2020
Why do you play Fortnite,2020
Why was Fortnite so popular before?,2020
FortnitevGuns Pools,2020
fortnite carry,2020
Fortnite is old!!,2020
favorite fortnite skin?,2020
Fortnite bug,2020
Fortnite BR tips and tricks,2020
FORTNITE IS DED!!,2020
комент в игри оценки класни игр FORTNITE,2020
how many fornite players are 12?,2020
Fortnite Deadpool location?,2020
Fortnite is death?,2020
Best sniper in Fortnite,2020
Who Loves Fortnite?,2020
Fortnitedo you like itand why ? ,2020
Fortnite is a great game!,2020
Anyone want free fortnite accounts,2020
My point of view toward fortnite,2020
Best skins on Fortnite,2020
manual install of fortnite,2020
Skins in fortnite,2020
Fortnite is beautiful,2020
Fortnite or Minecraft?,2020
Is fortnite available in any kinds of device?,2020
Fortnite 4,2020
PUBG or FORTNITE ?,2020
fortnite is still alive,2020
omments reviews and ratings of the game Fortnite,2020
fortnite or PUBG?,2020
The one gun you can win a game in fortnite,2020
Why Fortnite is not fun anymore,2020
Bad game fortnite abab. Wh s g,2020
Why does fortnite need so much internet?,2020
Fortnite or free fire come on guys Fortnite Is the best ,2020
The only gun you can win a game in fortnite,2020
PUBG or Fortnite,2020
Fortnite Galaxy Skin,2020
Hardest challange ever in fortnite ,2020
Best Fortnite Gamer,2020
Fortnite Chapter 2,2020
favorite fortnite pro?,2020
FORTNITE OR APEX,2020
fortnite season,2020
Someone teach fortnite support how delete old updated xD,2020
Fortnite or apex legends or minecraft?,2020
Fortnite is so OG. ,2020
Best Game Mode in Fortnite,2020
Best strategy in fortnite,2020
Why does fortnite get so much hate,2020
Fortnite battle royale,2020
Fortnite is a good games?,2020
Fortnite Minecraft or Roblox,2020
Fortnite OR Csgo WHAT IS BETTER,2020
Is Fortnite still good to play,2020
fortnite is the best game ever,2020
Fortnite twitch zetox,2020
i am pro at fortnite,2020
Fortnite in all its a good game ,2020
Fortnite 2k20,2020
Add me fortnite,2020
Guys add me fortnite,2020
What Game is Fortnite,2020
Fortnite Favorite Seasons,2020
Fortnite building,2020
When fortnite become cool,2020
Fortnite or apex? ,2020
fortnite br or stw ,2020
Fortnite game,2020
FORTNITE UIIII,2020
Fortnite or Ros,2020
fortnite or roblox,2020
What is the best skin in fortnite?,2020
Season 12 Fortnite,2020
Fortnite is a survival game where 100 players fight against each other in player versus player combat to be the last one standing. It is a fast-paced action-packed game not unlike The Hunger Games where strategic thinking is a must in order to survive.,2020
Fortnite for life baby,2020
The only real difference between playing Fortnite: Battle Royale on PS4 or Xbox One is the graphics but it's a pretty noticeable one — particularly on the enhanced versions of each console. The Xbox One X is capable of playing Fortnite at a full 4K resol,2020
Fortnite:Battle Royale,2020
fortnite still alive,2020
Fortnite so god its gold,2020
Fortnite gold,2020
Fortnite is realy ekshen,2020
what do you think about fortnite,2020
Fortnite chapter 2,2020
Fortnite Chapter 2 Season 2 Battle Pass,2020
fortnite chapter 2 season 2 ,2020
Why fortnite garbage,2020
Who is your favorite streamer in fortnite?,2020
What is the best skin in fortnite?,2020
fortnite ping ,2020
fortnite is the best shooter game,2020
WHY IS FORTNITE BETTER THAN PUBG?,2020
about fortnite gamers,2020
Fortnite or Minecraft,2020
Fortnite battle royal,2019
Fortnite or minecraft,2019
add me in fortnite ,2018
why its too laggy when i play fortnitE?,2019
Fortnite:),2019
Fornite Or PUBG or Free Fire,2019
Fortnite or mibecraft,2019
"""We like fortnite we like fortnite.""",2019
Who quits fortnite?,2019
Fortnite or Minecraft,2019
fortnite or pubg ?,2019
Fortnite is so to play,2019
Fortnite or strucid,2019
Is fortnite dying?,2019
Fortnite or Fart out my knife?,2019
Fortnite Or Minecraft? which is a better game?,2019
FORTNITE GAY GAY,2019
Fortnite is cringy,2019
What is fortnite?,2019
fortnite or roblox,2019
I like fortnite,2019
what is fortnite,2019
Sikeyim forniteyi boyle oyun olmaz olsun,2019
this is the best game forever fornite,2019
does somebody play fortnite nowadays,2019
Fortnite or minecraft ,2019
Which one is better Fortnite or Apex Why?,2019
Fortnite or Minecraft?,2019
Fortnite lied,2019
Fortnite ggghjjjjj,2019
Fortnite vs pubg.. Which game play do you enjoy ,2019
Is fortnite dieing?!,2019
Fortnite is so Underrated ,2019
How much do you hate Fortnite,2019
Reasons why fortnite shouldnt be underrated,2019
Fortnite is cool,2019
Is fortnite falling? ,2019
Fortnite fun gun,2019
About Fortnite.,2019
I have fortnite,2019
We like fortnite am I right? ,2019
fortnite or minecraft,2019
Disscusion about new fortnite season,2019
fortnite i will play 2 ears,2019
How long will fortnite stay?,2019
Fortnite or Minecraft,2019
Fortnite or CSGO,2019
Do you think fortnite is good,2019
FortniteRoblox or Minecraft?,2019
Cs:go vs Fortnite,2019
Do you still play Fortnite? ,2019
Fortnite looking for god team,2019
Fortnite is better than pubg!,2019
CS:GO vs Fortnite,2019
ninja in fortnite for the win,2019
Fortnite or Csgo,2019
Is fortnite dead and if yes why? ,2019
is fortnite's fanbase shrinking?,2019
Fortnite is dead,2019
Fortnite or League of Legends,2019
Is fortnite. Dying ,2019
Are you still enjoying playing Fortnite?,2019
Is fortnite dying,2019
Fortnite System Requirements,2019
Our favorite things in Fortnite,2019
why are you still playing fortnite,2019
Is fortnite good,2019
Is fortnite gonna die soon??,2019
is fortnite better than roblox,2019
FORNITE IS A HARD GAME,2019
FORNITE IS THE HARDEST GAME EVER,2019
Fortnite accunts,2019
FORNITE IS THE BAD GAME EVER?,2019
How do u guys feel about Fortnite chapter 2,2019
Is Fortnite dead already??????????,2019
Fortnite battle royal,2019
Do u giys think fortnite is dying,2019
wath do you like the most fortnite or roblox ,2019
Fortnite or Blackout,2019
Fortnite Chapter 2 ,2019
Fortnite is the best but is ut dying,2019
Fortnite or pubg,2019
Fortnite İs PERFECT,2019
About fortnite,2019
FORTNITE OR PUBG???,2019
I dont like fornite,2019
What level are you on fortnite?,2019
Fortnite Save The World ,2019
Fortnite or Roblox,2019
Fortnite or csgo,2019
Fortnite mobile vs pubg mobile?,2019
Fortnite is the best battle royale game ,2019
Fortnite is cooll,2019
pubg? more like fortnite,2019
Why isint FORTNITE vs MINECRAFT vs ROBLOX a thing?,2019
Favourite skin on FORTNITE???,2019
how many hours a day do you play fortnite?,2019
Fortnite or PUBG,2019
Rare chest of fortnite,2019
Do you think fortnite is best battle royale?,2019
Fortnite or minecraft?,2019
Fortnite is not dying,2019
Fortnite or csgo,2019
fortnite trash,2019
Do you think epic games is taking care for fortnite?,2019
IS FORTNITE GOOD,2019
fortnite comunity,2019
Your favourite skin on Fortnite??,2019
Fortnite leaks,2019
Fortnite is worst than hearth of stones... ,2019
Whats your fav skin in fortnite,2019
Fortnite——,2019
Fortnite ripoffs.,2019
Fortnite is decent,2019
Fortnite Battle Royale is available on Microsoft Windows,2019
How many vbucks have you guys spent in fortnite?,2019
What's the best fortnite skin,2019
Fortnite is bad or good? ,2019
Fortnite I love it. ,2019
Why did you buy fortnite save the world,2019
FORTNITE is game,2019
Fortnite Fortnite Fortnite is beauty ...reply if ya agree,2019
Epic ruining fornite?,2019
is fortnite overrated?,2019
new items in Fortnite?,2019
Fortnite chatting,2019
Fortnite is cool,2019
fortnite is a good game ,2019
How to play fortnite ,2019
lol fortnite is dying,2019
Fortnite - Is it really over?,2019
I think fortnite is about to die,2019
Fortnite... why is it so popular?,2019
Fortnite new season is coming out in a couple of days.,2019
Ali-a Fortnite Youtuber,2019
Fortnite vs Pubg,2019
Fortnite sucks,2019
Do you think Fortnite is on the brink of dying because of the new updates?,2019
Is fortnite dead?,2019
Im the only one who dont like fortnite?let me know,2019
"The Fornite ""crossover""",2019
Fortnite vs Pubg,2019
FORTNITE IS THE BEST,2019
Fornite or PUBG is better?,2019
Fornite Did you like kill a enemy,2019
who likes fortnite,2019
Fortnite sucks,2019
FORTNITE is game,2019
Fortnite Rift Beacon ,2019
Jugarias a Fortnite en la temporada X,2019
Fortnite Mobile,2018
Fortnite for kids?,2019
twitch prime loot for Fortnite . for 500 gems,2019
Fortnite is bad..,2019
Fortniteasd,2019
Fortnite graphix,2019
Fortnite or PUBG,2019
Fortnite OR PUBG?,2019
fortnite is bad,2019
Fortnite plz vault the B.R.U.T.E or i'll leave this game!,2019
Fortnite is greatest game of ur mind???,2019
Fortnite is bad,2019
Fortnite bad or good?!?!?!,2019
WHO LOVES FORTNITE,2019
Is fortnite worth playing?,2019
Fortnite : Good or bad?,2019
Write anything you like about Fortnite,2019
me best game fortnite ,2019
Fortnite PS4 or Fortnite PC,2019
"Do you guys who play fortnite think of ""fortnite is dead""?",2019
Which gamemode of Fortnite,2019
Fortnite ps4,2019
Fortnite not opening Pls help,2019
so many kids in fortnite,2019
Help fortnite won't open,2019
Fortnite Season X: Is It Good Or Bad? ,2019
Fortnite is hard,2019
WHO LIKES FORTNITE,2019
Fortnite Noob or Pro,2019
Fortnite Rate Us,2019
Fortnite Story,2019
does ninja is the best fortnite player,2019
 Teach Fortnite Building Tactics,2019
Fortnite 2 comfirmed,2019
Is Fortnite dying?,2019
Who like fortnite?,2019
Hi Fortnite,2019
Vbucks in fortnite,2019
Game modes of Fortnite,2018
Stop playing fortnite XD but actually is good,2019
Is fortnite going to be free to play? what do you think? (save the world),2019
New Fornite skins in Gamehag,2019
What is best season in fortnite ? ,2019
Can Anybody Play Fortnite with me ?,2019
Do you think fortnite will die after the world cup?,2019
Do you fortnite killing montages and memes?,2019
Fortnite is the best,2019
Fortnite Battle,2019
Wining in fortnite ,2019
Does The Skins is Fortnite make the game more Cartoony?,2019
Fortnite kids game?,2019
Which is better fortnite or pubg?,2019
 what you do when fortnite is blocked,2019
fortnite is dying slowly am i right?,2019
How do you feel about fortnite?,2019
Does fortnite need to be on old version of cp?,2019
Fortnite dying ?,2019
FORTNITE FREE SEASON 8 BATTTLE PASS?,2019
The community killed fortnite,2019
fortnite is a nice shooter game,2018
The New update of Fortnite,2019
About My Fortnite Activity,2019
Who runs Fortnite on a Mac?,2018
Who think fortnite is booring,2019
what is better fortnite apex legends or pubg,2019
Name fail moments in fortnite,2019
some ways to rank up faster in fortnite.,2019
Fortnite IS dying!,2019
Is Fortnite Dying?,2019
Fortnite was good now its trash,2019
Fortnite is she best,2019
fortnite is the best,2019
Is fortnite cool,2019
why fortnite should stop pushing their marketing schemes,2019
Fortnite skins are not worth it.,2019
Is fortnite dying?,2019
Is Fortnite overrated?,2019
Fortnite gamehag missions,2019
Fortnite aim assist on console,2019
Fortnite new feature,2019
fortnite difficult ,2019
Fortnite Nice game.,2019
fortnite vbucks ,2019
Are you in fortnite teams? ,2019
season 8 fortnite ,2019
Dances fortnite,2018
fortnite battle royal,2018
Fortnite or Pubg? Witch one?,2018
Fortnite Season 7!,2018
fortnite disscusion poor player,2018
Fornite Skins,2018
Fortnite is dying???,2018
Fortnite is no no game,2018
Is Fortnite Unfair?,2018
fortnite coach,2018
Fortnite or League of legends?,2018
fortnite skill,2018
Fortnite Battle Royale,2018
Why This Game became so popular? There are many other good games?(only kids Are playing fortnite),2018
Fortnite is okay,2018
I like battle royale game and fortnite its a good game,2018
Bugs in fortnite,2018
Fortnite is super fun gameand i love it,2018
Why is fortnite free?????,2018
Fortnite is super,2018
Fortnite its my life.,2018
I think fortnite isn’t gonna die,2018
Fortnite’s new Boom Box destroys buildings!!!,2018
Loving or hating Fortnite with it's recent updates?,2018
Fortnite wins,2018
Your opinions about fortnite?,2018
Fortnite is not optimized well,2018
Who do you think is best player on fortnite?,2018
Whats the minimum specs for fortnite,2018
Fortnite or Pubg?,2018
 What is the best skin in Fortnite?,2018
How many times did you win in Fortnite? ''),2018
fortnite vs pubg who s better ?,2018
Fortnite is the best i got a victory royal,2018
Fortnite is te best game in this years ?,2018
How long you think Fornite will be alive? And why you think that,2018
Fortnite is getting worse?,2018
New mode in fortnite,2018
Is fortnite dead ,2018
Fortnite building,2018
Fortnite any one want to one vs one me put your name in fortnight ,2018
fortnite battlepass,2018
Fortnite and Ninja and Myth,2018
Fortnite Save The World,2018
Fortnite.battle ,2018
I love fortnite,2018
Fortnite !!!! Pc ,2018
Fortnite mobile lag,2018
Fortnite was a good game ,2018
Why fortnite season 5 sucks,2018
What you think about fortnite?,2018
love fortnite x),2018
Skins in fortnite,2018
fortnite help,2018
Fortnite Friends,2018
 Fortnite battle royal,2018
Is fortnite battle royale going to live forever?,2018
I play fortnite every day,2018
Fortnite or PUBG?,2018
New Map in Fortnite,2018
fortnite IS SO FUN IM JUST NAD,2018
Why Fortnite is Booming and May Not Be Slowing Down,2018
Fortnite mini review but itsn't really a review,2018
Save the World/Fortnite Android ,2018
FORTNITE REVIEW,2018
What do you think fortnite should have,2018
Fortnite is the best game ever,2018
Fortnite season 4 ,2018
