Titulo,Autor,Link,Fecha,Respuestas,Visitas
Principales Normas sobre el Foro,Cazique,https://www.adslzone.net//foro/videojuegos-y-consolas.58/principales-normas-sobre-foro.152122/,2008-07-31,0,10029
GAMERZONA ABIERTA :D,ruvelro,https://www.adslzone.net//foro/videojuegos-y-consolas.58/gamerzona-abierta-d.271033/,2011-03-15,6,9224
Trailers de Videojuegos,Darkzul,https://www.adslzone.net//foro/videojuegos-y-consolas.58/trailers-videojuegos.193245/,2009-05-10,41,26048
Tutorial - Abrir puertos y NAT abierto.,rod11274,https://www.adslzone.net//foro/videojuegos-y-consolas.58/tutorial-abrir-puertos-nat-abierto.306497/,2012-04-05,24,206904
Lista de Firmwares de flashcarts para NDS,ruvelro,https://www.adslzone.net//foro/videojuegos-y-consolas.58/lista-firmwares-flashcarts-nds.184128/,2009-02-28,12,17540
"[REVIEW] GPD Q9 (Consola con Android 4.4, RK3288, MALI T-764",Arcangel_SP,https://www.adslzone.net//foro/videojuegos-y-consolas.58/review-gpd-q9-consola-android-4-4-rk3288-mali-t-764.393630/,2015-10-06,1,11546
Como conectar la PS3 a internet vía wifi,daf,https://www.adslzone.net//foro/videojuegos-y-consolas.58/como-conectar-ps3-internet-vi-wifi.193838/,2009-05-14,12,154291
Emuladores y listado de roms,Chasky,https://www.adslzone.net//foro/videojuegos-y-consolas.58/emuladores-listado-roms.183654/,2009-02-25,1,10702
RepairPart: Arregla tus consolas,ruvelro,https://www.adslzone.net//foro/videojuegos-y-consolas.58/repairpart-arregla-tus-consolas.220144/,2009-12-07,25,28327
Nintendo switch,nereita,https://www.adslzone.net//foro/videojuegos-y-consolas.58/nintendo-switch.590493/,2022-11-15,2,354
ayuda con mal apagado de PS5,SonGoku,https://www.adslzone.net//foro/videojuegos-y-consolas.58/ayuda-mal-apagado-ps5.591219/,2022-12-13,3,331
Problema PS4 e internet PC,sane1967,https://www.adslzone.net//foro/videojuegos-y-consolas.58/problema-ps4-e-internet-pc.591138/,2022-12-10,4,373
Como configuro el joystick/mando del emulador pc IdeaS Emulator?,OrangeDaytona,https://www.adslzone.net//foro/videojuegos-y-consolas.58/como-configuro-joystick-mando-emulador-pc-ideas-emulator.590163/,2022-11-03,2,271
Porque Steam siempre detecta que uso un VPN cuando intento crear una cuenta,Sgrthiago,https://www.adslzone.net//foro/videojuegos-y-consolas.58/porque-steam-siempre-detecta-uso-vpn-cuando-intento-crear-cuenta.590115/,2022-11-01,4,531
Una pantalla blanca en juegos Smart,korsariol,https://www.adslzone.net//foro/videojuegos-y-consolas.58/pantalla-blanca-juegos-smart.589845/,2022-10-21,0,236
Problema con Moonlight GameStream,Deadmau5,https://www.adslzone.net//foro/videojuegos-y-consolas.58/problema-moonlight-gamestream.589770/,2022-10-19,0,206
ayuda con la resolucion en PS5,SonGoku,https://www.adslzone.net//foro/videojuegos-y-consolas.58/ayuda-resolucion-ps5.589485/,2022-10-09,0,285
"PS4 Pro, no lee los discos",Aaron700xD,https://www.adslzone.net//foro/videojuegos-y-consolas.58/ps4-pro-no-lee-discos.589302/,2022-09-30,3,393
Error CE-113338-9,abujanja,https://www.adslzone.net//foro/videojuegos-y-consolas.58/error-ce-113338-9.589254/,2022-09-29,0,1101
Pcgaming365..... ESTAFA,Francesc 123,https://www.adslzone.net//foro/videojuegos-y-consolas.58/pcgaming365-estafa.589050/,2022-09-22,4,519
Una smart card (Panasonic o o así) es una micro SD?,OrangeDaytona,https://www.adslzone.net//foro/videojuegos-y-consolas.58/smart-card-panasonic-o-o-asi-es-micro-sd.587820/,2022-08-08,8,544
No me deja abrir Dràstic y eso que me he gastado 4€,OrangeDaytona,https://www.adslzone.net//foro/videojuegos-y-consolas.58/no-me-deja-abrir-drastic-eso-me-gastado-4eur.587859/,2022-08-10,0,375
Fortnite,Loby127,https://www.adslzone.net//foro/videojuegos-y-consolas.58/fortnite.586089/,2022-06-15,0,503
Tv box retroarch,WorkClass,https://www.adslzone.net//foro/videojuegos-y-consolas.58/tv-box-retroarch.585987/,2022-06-12,0,547
Pequeño problema con mi PS4 Fat,humbertoduranc,https://www.adslzone.net//foro/videojuegos-y-consolas.58/pequeno-problema-mi-ps4-fat.582672/,2022-03-02,1,946
Realidad virtual ¿HTC vive pro 2 o Valve index?,zdnativazzz,https://www.adslzone.net//foro/videojuegos-y-consolas.58/realidad-virtual-htc-vive-pro-2-o-valve-index.585555/,2022-05-31,0,761
ayuda con mensaje de error en ps5,abujanja,https://www.adslzone.net//foro/videojuegos-y-consolas.58/ayuda-mensaje-error-ps5.583161/,2022-03-15,2,647
Configuracion de stick para jugar Street fighter 30 aniversary en pc,julio47,https://www.adslzone.net//foro/videojuegos-y-consolas.58/configuracion-stick-jugar-street-fighter-30-aniversary-pc.582003/,2022-02-12,0,641
Alguien sabe poner el videojuego Piratas del Caribe En el Fin del Mundo en 1080p,FTP-NET,https://www.adslzone.net//foro/videojuegos-y-consolas.58/alguien-sabe-poner-videojuego-piratas-caribe-fin-mundo-1080p.581868/,2022-02-08,0,633
Minecraft tlauncher ya no funciona,Awibi,https://www.adslzone.net//foro/videojuegos-y-consolas.58/minecraft-tlauncher-ya-no-funciona.581220/,2022-01-21,0,1861
Consulta sobre Ban Hardware de Apex legends,Leanndamiann,https://www.adslzone.net//foro/videojuegos-y-consolas.58/consulta-sobre-ban-hardware-apex-legends.579960/,2021-12-17,3,1131
PS2 y juegos piratas,Aaron700xD,https://www.adslzone.net//foro/videojuegos-y-consolas.58/ps2-juegos-piratas.579309/,2021-11-27,1,921
"DVD, FreeMCBoot y PS2",Aaron700xD,https://www.adslzone.net//foro/videojuegos-y-consolas.58/dvd-freemcboot-ps2.579306/,2021-11-27,0,702
HeadSet Wireless de Xbox problema.,LupoGar,https://www.adslzone.net//foro/videojuegos-y-consolas.58/headset-wireless-xbox-problema.578943/,2021-11-17,5,1528
Se puede usar un joystick de la PS3 en el ordenador?,OrangeDaytona,https://www.adslzone.net//foro/videojuegos-y-consolas.58/se-puede-usar-joystick-ps3-ordenador.578568/,2021-11-05,1,830
El joystick de la PS3 pues cuando hay dos rallitas de batería o mientras se carga con cable usb,OrangeDaytona,https://www.adslzone.net//foro/videojuegos-y-consolas.58/joystick-ps3-pues-cuando-hay-dos-rallitas-bateri-o-mientras-se-carga-cable-usb.578316/,2021-10-29,9,1090
Juegos Nintendo DS Lite,Aaron700xD,https://www.adslzone.net//foro/videojuegos-y-consolas.58/juegos-nintendo-ds-lite.578370/,2021-10-31,0,789
Construir una consola usando el FPGA,Cocido,https://www.adslzone.net//foro/videojuegos-y-consolas.58/construir-consola-usando-fpga.578265/,2021-10-28,0,752
duda con nintendo switch,abujanja,https://www.adslzone.net//foro/videojuegos-y-consolas.58/duda-nintendo-switch.571255/,2021-04-12,2,1067
No se pueden conectar a mi servidor de Minecraft java y bedrock,Limonlimonero,https://www.adslzone.net//foro/videojuegos-y-consolas.58/no-se-pueden-conectar-mi-servidor-minecraft-java-bedrock.577575/,2021-10-10,3,966
Kodi 18.9 leía se puede jugar a videojuegos clásicos como supernintendo en..,OrangeDaytona,https://www.adslzone.net//foro/videojuegos-y-consolas.58/kodi-18-9-lei-se-puede-jugar-videojuegos-clasicos-como-supernintendo.577452/,2021-10-06,1,773
"Attack on titan ps4 importacion japonesa, es caro??",joakin1312,https://www.adslzone.net//foro/videojuegos-y-consolas.58/attack-on-titan-ps4-importacion-japonesa-es-caro.576558/,2021-09-10,0,854
La nintendo DSLite de segunda mano no se agota nunca!,OrangeDaytona,https://www.adslzone.net//foro/videojuegos-y-consolas.58/nintendo-dslite-segunda-mano-no-se-agota-nunca.576519/,2021-09-09,3,763
Dos consultas: Emulador para PC Project64 como funciona y configurarlo correctamente para que funcione los juegos?,OrangeDaytona,https://www.adslzone.net//foro/videojuegos-y-consolas.58/dos-consultas-emulador-pc-project64-como-funciona-configurarlo-correctamente-funcione-juegos.576456/,2021-09-08,2,803
Como puedo jugar juegos de NES en GBA,gamerjordan,https://www.adslzone.net//foro/videojuegos-y-consolas.58/como-puedo-jugar-juegos-nes-gba.576237/,2021-09-02,0,793
Hola quiero saber que tengo que hacer si mi internet no me deja jugar online (puedo navegar en google y tengo conexión a internet),leomariox,https://www.adslzone.net//foro/videojuegos-y-consolas.58/hola-quiero-saber-tengo-hacer-si-mi-internet-no-me-deja-jugar-online-puedo-navegar-google-tengo-conexion-internet.575712/,2021-08-15,4,2046
"Project64 no funciona los juegos con el joystick Genius, antes si. Por que?",OrangeDaytona,https://www.adslzone.net//foro/videojuegos-y-consolas.58/project64-no-funciona-juegos-joystick-genius-antes-si.575088/,2021-07-30,3,978
Jet Kave Adventure,oucast,https://www.adslzone.net//foro/videojuegos-y-consolas.58/jet-kave-adventure.574947/,2021-07-25,2,803
he roto la ps3 por actualizar,mar-tea1,https://www.adslzone.net//foro/videojuegos-y-consolas.58/roto-ps3-actualizar.572658/,2021-05-26,11,2846
Principales Normas sobre el Foro,Cazique,https://www.adslzone.net//foro/videojuegos-y-consolas.58/principales-normas-sobre-foro.152122/,2008-07-31,0,10029
GAMERZONA ABIERTA :D,ruvelro,https://www.adslzone.net//foro/videojuegos-y-consolas.58/gamerzona-abierta-d.271033/,2011-03-15,6,9224
Recomendación de Monitores,Paulina Márquez Martin,https://www.adslzone.net//foro/videojuegos-y-consolas.58/recomendacion-monitores.573057/,2021-06-02,6,897
Consola xbox,VanessaLiha12,https://www.adslzone.net//foro/videojuegos-y-consolas.58/consola-xbox.573021/,2021-06-02,3,784
se me elimino el exe de Dragonball Xenoverse Bundle Edition,Yakazuky,https://www.adslzone.net//foro/videojuegos-y-consolas.58/se-me-elimino-exe-dragonball-xenoverse-bundle-edition.572736/,2021-05-28,0,729
Cuestionario sobre adicción a los videojuegos,divitxiki,https://www.adslzone.net//foro/videojuegos-y-consolas.58/cuestionario-sobre-adiccion-videojuegos.572529/,2021-05-23,0,791
Aportaciones para conseguir PS5,jmartin000,https://www.adslzone.net//foro/videojuegos-y-consolas.58/aportaciones-conseguir-ps5.572055/,2021-05-05,0,1033
Problema con rocket league,blazerr,https://www.adslzone.net//foro/videojuegos-y-consolas.58/problema-rocket-league.571554/,2021-04-20,5,915
Nintendo 64 da pantalla negra,AlanDgamerPROXD,https://www.adslzone.net//foro/videojuegos-y-consolas.58/nintendo-64-da-pantalla-negra.571515/,2021-04-20,0,1183
"Instalar Street Fighter 30 Anniversary desde Steam con mi configuracion, funcionara?",julio47,https://www.adslzone.net//foro/videojuegos-y-consolas.58/instalar-street-fighter-30-anniversary-desde-steam-mi-configuracion-funcionara.569074/,2021-02-17,0,989
Bajones y tirones todos los juegos,Raul_97,https://www.adslzone.net//foro/videojuegos-y-consolas.58/bajones-tirones-todos-juegos.566260/,2020-12-16,0,1112
Juegos MAME y LCD Handhelds,QueenVictoria,https://www.adslzone.net//foro/videojuegos-y-consolas.58/juegos-mame-lcd-handhelds.565855/,2020-12-06,0,1010
Donde puedo conseguir juegos VR gratis,50ny,https://www.adslzone.net//foro/videojuegos-y-consolas.58/donde-puedo-conseguir-juegos-vr-gratis.565780/,2020-12-04,0,963
que consolas pueden piratearse hasta el momento,simorskiner,https://www.adslzone.net//foro/videojuegos-y-consolas.58/consolas-pueden-piratearse-hasta-momento.565513/,2020-11-27,0,939
cambio de fuente de ps3 slim,simorskiner,https://www.adslzone.net//foro/videojuegos-y-consolas.58/cambio-fuente-ps3-slim.565507/,2020-11-27,0,1141
Clonacion a ssd disco duro hdd Xbox One,huzoaaz,https://www.adslzone.net//foro/videojuegos-y-consolas.58/clonacion-ssd-disco-duro-hdd-xbox-one.564997/,2020-11-17,0,829
"Liberar una PS3, riesgo de baneo con cuentas originales.",Mac47,https://www.adslzone.net//foro/videojuegos-y-consolas.58/liberar-ps3-riesgo-baneo-cuentas-originales.564172/,2020-10-28,0,1294
¿videojuegos nocivos?,German Perez Del monte,https://www.adslzone.net//foro/videojuegos-y-consolas.58/videojuegos-nocivos.497131/,2020-05-31,8,1341
amd ryzen 2700x,spinoffi,https://www.adslzone.net//foro/videojuegos-y-consolas.58/amd-ryzen-2700x.548029/,2020-09-08,2,1031
No se me conectan algunos servidores de CS 1.6,Vanilla,https://www.adslzone.net//foro/videojuegos-y-consolas.58/no-se-me-conectan-algunos-servidores-cs-1-6.547165/,2020-09-07,5,1342
Monitor 144hz y pc portatil,jaume1986,https://www.adslzone.net//foro/videojuegos-y-consolas.58/monitor-144hz-pc-portatil.545569/,2020-09-06,3,833
NO ME DA LA SIMETRÍA EN MI PS4 PRO QUE HACER ??,Armando De La Espriella,https://www.adslzone.net//foro/videojuegos-y-consolas.58/no-me-da-simetri-mi-ps4-pro-hacer.534283/,2020-08-23,11,2941
Vendo cuenta de... TESO: Tamriel Unlimited,Ayoamaro,https://www.adslzone.net//foro/videojuegos-y-consolas.58/vendo-cuenta-teso-tamriel-unlimited.532099/,2020-08-16,0,780
Ghost Recon Future Soldier,Klifex,https://www.adslzone.net//foro/videojuegos-y-consolas.58/ghost-recon-future-soldier.509788/,2020-07-18,0,676
Steam: regalar juego Cod MW3,cgmochales,https://www.adslzone.net//foro/videojuegos-y-consolas.58/steam-regalar-juego-cod-mw3.509647/,2020-07-15,0,701
Hitman Absolution,Klifex,https://www.adslzone.net//foro/videojuegos-y-consolas.58/hitman-absolution.509548/,2020-07-13,0,640
Como abro los puertos de fortnite en mi router,Brandon Cyclo,https://www.adslzone.net//foro/videojuegos-y-consolas.58/como-abro-puertos-fortnite-mi-router.506404/,2020-06-23,0,966
Tengo en GDD y necesito ayuda para desarollar un videojuego.,50ny,https://www.adslzone.net//foro/videojuegos-y-consolas.58/tengo-gdd-necesito-ayuda-desarollar-videojuego.500317/,2020-06-19,0,794
Quiero pc gaming por 1800 2000$,nosequeponer,https://www.adslzone.net//foro/videojuegos-y-consolas.58/quiero-pc-gaming-1800-2000.498619/,2020-06-17,0,767
Donde conectar PS3 (AVR o SURGE),Mcelis1221,https://www.adslzone.net//foro/videojuegos-y-consolas.58/donde-conectar-ps3-avr-o-surge.498436/,2020-06-15,0,793
Ayuda! ¿Mi pc es buena para crysis 3?,FernandoAmir1,https://www.adslzone.net//foro/videojuegos-y-consolas.58/ayuda-mi-pc-es-buena-crysis-3.495799/,2020-05-13,1,890
Baja velocidad en test de internet,DaveRnC,https://www.adslzone.net//foro/videojuegos-y-consolas.58/baja-velocidad-test-internet.497776/,2020-06-06,1,791
Ya conoces el juego para móvil Free Fire,Jorge Zúñiga Rivera,https://www.adslzone.net//foro/videojuegos-y-consolas.58/ya-conoces-juego-movil-free-fire.496960/,2020-05-28,0,1141
Juegos actuales,Lily Elisa,https://www.adslzone.net//foro/videojuegos-y-consolas.58/juegos-actuales.496566/,2020-05-25,0,752
ojo con 4frags,cire,https://www.adslzone.net//foro/videojuegos-y-consolas.58/ojo-4frags.496259/,2020-05-19,0,694
problema para acceder a Valorant,desektic,https://www.adslzone.net//foro/videojuegos-y-consolas.58/problema-acceder-valorant.495887/,2020-05-14,0,784
minecraft duda,andresga96,https://www.adslzone.net//foro/videojuegos-y-consolas.58/minecraft-duda.495728/,2020-05-12,0,755
Como mejorar mi tarjeta grafica y el shader model para poder jugar mas juegos,Mellow,https://www.adslzone.net//foro/videojuegos-y-consolas.58/como-mejorar-mi-tarjeta-grafica-shader-model-poder-jugar-mas-juegos.495699/,2020-05-11,0,1351
Encuesta para mi TFG sobre LoL,cloud92miguel,https://www.adslzone.net//foro/videojuegos-y-consolas.58/encuesta-mi-tfg-sobre-lol.495695/,2020-05-11,0,758
Ayuda NAT ps4,Ruizinho,https://www.adslzone.net//foro/videojuegos-y-consolas.58/ayuda-nat-ps4.495458/,2020-05-07,0,733
Encuesta,Yisus350,https://www.adslzone.net//foro/videojuegos-y-consolas.58/encuesta.495397/,2020-05-07,0,594
Ping,Realess,https://www.adslzone.net//foro/videojuegos-y-consolas.58/ping.495360/,2020-05-06,0,675
Principales Normas sobre el Foro,Cazique,https://www.adslzone.net//foro/videojuegos-y-consolas.58/principales-normas-sobre-foro.152122/,2008-07-31,0,10029
GAMERZONA ABIERTA :D,ruvelro,https://www.adslzone.net//foro/videojuegos-y-consolas.58/gamerzona-abierta-d.271033/,2011-03-15,6,9224
Tengo fibra 600 megas y PING de 18 pero tengo problemas al jugar.,Wanacho,https://www.adslzone.net//foro/videojuegos-y-consolas.58/tengo-fibra-600-megas-ping-18-pero-tengo-problemas-jugar.495175/,2020-05-04,0,704
Problema con mi pc que no consigo sacarle su rendimiento,Crak42163,https://www.adslzone.net//foro/videojuegos-y-consolas.58/problema-mi-pc-no-consigo-sacarle-su-rendimiento.484732/,2019-12-10,3,1027
Juegos se me cierran solos,asteron,https://www.adslzone.net//foro/videojuegos-y-consolas.58/juegos-se-me-cierran-solos.494611/,2020-04-27,0,781
Ayuda con la grafica,Popsy3216,https://www.adslzone.net//foro/videojuegos-y-consolas.58/ayuda-grafica.494548/,2020-04-26,0,790
Twitch con los drops activados del Valorant & cuenta de Youtube,mrjuankar,https://www.adslzone.net//foro/videojuegos-y-consolas.58/twitch-drops-activados-valorant-cuenta-youtube.494314/,2020-04-24,0,674
Jugar con un Josdctik en el ordenador,Pendrive991,https://www.adslzone.net//foro/videojuegos-y-consolas.58/jugar-josdctik-ordenador.483790/,2019-11-23,4,1025
Adicta a los juegos para jugar con amigos y amigas,lauratoledo26,https://www.adslzone.net//foro/videojuegos-y-consolas.58/adicta-juegos-jugar-amigos-amigas.475376/,2019-06-26,6,1682
Como conseguir la beta cerrada del Valorant,matiasrejan,https://www.adslzone.net//foro/videojuegos-y-consolas.58/como-conseguir-beta-cerrada-valorant.493626/,2020-04-16,0,586
Como Conseguir dinero en steam Farmeando Cromos,matiasrejan,https://www.adslzone.net//foro/videojuegos-y-consolas.58/como-conseguir-dinero-steam-farmeando-cromos.493625/,2020-04-16,0,536
Problemas de NAT en ps4,Kamusete,https://www.adslzone.net//foro/videojuegos-y-consolas.58/problemas-nat-ps4.493366/,2020-04-13,0,504
Ayuda para FS19,Manu69,https://www.adslzone.net//foro/videojuegos-y-consolas.58/ayuda-fs19.493209/,2020-04-10,0,636
apoyad el canal,xjuanmitax,https://www.adslzone.net//foro/videojuegos-y-consolas.58/apoyad-canal.492903/,2020-04-06,0,607
Xbox one,Wichoperez,https://www.adslzone.net//foro/videojuegos-y-consolas.58/xbox-one.492825/,2020-04-05,0,516
Consola,Wichoperez,https://www.adslzone.net//foro/videojuegos-y-consolas.58/consola.492822/,2020-04-05,0,508
Crash en Fornite mientras está cargando el juego,thunderfruit,https://www.adslzone.net//foro/videojuegos-y-consolas.58/crash-fornite-mientras-esta-cargando-juego.487930/,2020-02-13,4,927
Juegos gratis PC-ONE-STEAm-EPIC Y OTROS,Da$3,https://www.adslzone.net//foro/videojuegos-y-consolas.58/juegos-gratis-pc-one-steam-epic-otros.492289/,2020-03-29,0,552
juegos gratis para pc,mr.cisco,https://www.adslzone.net//foro/videojuegos-y-consolas.58/juegos-gratis-pc.456288/,2018-08-04,8,3299
Ayuda bajón extremo de fps,Shanks232,https://www.adslzone.net//foro/videojuegos-y-consolas.58/ayuda-bajon-extremo-fps.489510/,2020-03-16,1,509
sluttering con monitor de 144hz,tbulks,https://www.adslzone.net//foro/videojuegos-y-consolas.58/sluttering-monitor-144hz.491366/,2020-03-21,1,591
Descargar World War Z !Gratis! en Epic Games Store l Regalado,D1EG010,https://www.adslzone.net//foro/videojuegos-y-consolas.58/descargar-world-war-z-gratis-epic-games-store-l-regalado.492201/,2020-03-28,0,520
Problema Frametime,Pinikas,https://www.adslzone.net//foro/videojuegos-y-consolas.58/problema-frametime.491680/,2020-03-24,0,1158
xbox 360 slim rgh corona no da imagen despues de actualizar,A.Avila,https://www.adslzone.net//foro/videojuegos-y-consolas.58/xbox-360-slim-rgh-corona-no-da-imagen-despues-actualizar.486478/,2020-01-16,3,4937
La historia de Steam,karrio,https://www.adslzone.net//foro/videojuegos-y-consolas.58/historia-steam.487950/,2020-02-14,0,756
RDR2 o Battlefield V?,alanoide,https://www.adslzone.net//foro/videojuegos-y-consolas.58/rdr2-o-battlefield-v.486870/,2020-01-23,1,616
"Guild de World Of Warcraft, alguien quiere?",Gavran,https://www.adslzone.net//foro/videojuegos-y-consolas.58/guild-world-of-warcraft-alguien-quiere.487514/,2020-02-04,0,491
Compartir suscripcion familiar nintendo switch online !! ANUAL,Yuenzu,https://www.adslzone.net//foro/videojuegos-y-consolas.58/compartir-suscripcion-familiar-nintendo-switch-online-anual.487072/,2020-01-27,0,879
Pregunta cuya respuesta me servirá de base para saber que videojuego quiero jugar?,DanteAshamot,https://www.adslzone.net//foro/videojuegos-y-consolas.58/pregunta-cuya-respuesta-me-servira-base-saber-videojuego-quiero-jugar.485986/,2020-01-06,2,658
Need for Speed Heat Multi ElAmigos Español PC,Reeverb,https://www.adslzone.net//foro/videojuegos-y-consolas.58/need-for-speed-heat-multi-elamigos-espanol-pc.486108/,2020-01-08,0,1313
Nuevo Server minecraft ultima versión,mrlife000,https://www.adslzone.net//foro/videojuegos-y-consolas.58/nuevo-server-minecraft-ultima-version.485930/,2020-01-04,0,625
Pérdida de paquetes en PUBG,Rikus,https://www.adslzone.net//foro/videojuegos-y-consolas.58/perdida-paquetes-pubg.485766/,2020-01-01,0,711
canjear pico minty fortnite,coyoterem,https://www.adslzone.net//foro/videojuegos-y-consolas.58/canjear-pico-minty-fortnite.485270/,2019-12-20,0,2406
"Idle-Empire funciona [Testado] Skins, Gift Cards, e mais.",jimst,https://www.adslzone.net//foro/videojuegos-y-consolas.58/idle-empire-funciona-testado-skins-gift-cards-e-mais.485042/,2019-12-16,0,704
Auriculares gaming,Pedrolo1905,https://www.adslzone.net//foro/videojuegos-y-consolas.58/auriculares-gaming.475212/,2019-06-24,2,797
Mando Jostick para jugar en el ordenador,Pendrive991,https://www.adslzone.net//foro/videojuegos-y-consolas.58/mando-jostick-jugar-ordenador.484196/,2019-11-29,0,520
busco gente para servidor minecraft con mods 1.12.2,slema20,https://www.adslzone.net//foro/videojuegos-y-consolas.58/busco-gente-servidor-minecraft-mods-1-12-2.484062/,2019-11-28,0,787
NETWORK DE MINECRAFT SEMI PREMIUN 1.7 A 1.14,Motas,https://www.adslzone.net//foro/videojuegos-y-consolas.58/network-minecraft-semi-premiun-1-7-1-14.483786/,2019-11-23,0,595
no puedo conectar mi nintendo 3ds al wifi ):,ecchieve,https://www.adslzone.net//foro/videojuegos-y-consolas.58/no-puedo-conectar-mi-nintendo-3ds-wifi.483638/,2019-11-21,0,798
¿Audifonos LOGITECH G331 o COUGAR PHONTUM ESSENTIAL IVORY?,Zzz.Djin,https://www.adslzone.net//foro/videojuegos-y-consolas.58/audifonos-logitech-g331-o-cougar-phontum-essential-ivory.483580/,2019-11-20,0,612
Mi pc se me congela cuando abro 4 aplicaciones,Dagar15,https://www.adslzone.net//foro/videojuegos-y-consolas.58/mi-pc-se-me-congela-cuando-abro-4-aplicaciones.483374/,2019-11-17,0,574
[RS] 10.000 ROMS del ZX-SPECTRUM,juanlured,https://www.adslzone.net//foro/videojuegos-y-consolas.58/rs-10-000-roms-zx-spectrum.196461/,2009-06-05,5,2170
Principales Normas sobre el Foro,Cazique,https://www.adslzone.net//foro/videojuegos-y-consolas.58/principales-normas-sobre-foro.152122/,2008-07-31,0,10029
GAMERZONA ABIERTA :D,ruvelro,https://www.adslzone.net//foro/videojuegos-y-consolas.58/gamerzona-abierta-d.271033/,2011-03-15,6,9224
L2 Ravage H5 x15,ironico,https://www.adslzone.net//foro/videojuegos-y-consolas.58/l2-ravage-h5-x15.483290/,2019-11-15,0,818
Grand Opening L2 Ravage,Satrix,https://www.adslzone.net//foro/videojuegos-y-consolas.58/grand-opening-l2-ravage.483288/,2019-11-15,0,594
Gran Apertura L2 Ravage,Satrix,https://www.adslzone.net//foro/videojuegos-y-consolas.58/gran-apertura-l2-ravage.483286/,2019-11-15,0,747
¿Qué consola os compraríais actualmente?,tmg1988,https://www.adslzone.net//foro/videojuegos-y-consolas.58/que-consola-os-comprariais-actualmente.441206/,2017-11-12,11,1791
LAG PS4 PRO - JUEGO ONLINE,javier_09112012,https://www.adslzone.net//foro/videojuegos-y-consolas.58/lag-ps4-pro-juego-online.471680/,2019-04-16,2,1255
Compra de Xbox One X,WeDarKzZ,https://www.adslzone.net//foro/videojuegos-y-consolas.58/compra-xbox-one-x.482500/,2019-10-31,0,590
Acabo de comprar un PSP 1001 PHAT...,nicolas2019alcubo,https://www.adslzone.net//foro/videojuegos-y-consolas.58/acabo-comprar-psp-1001-phat.482138/,2019-10-24,2,918
Nueva comunidad de videojuegos,Planeta de los Mancos,https://www.adslzone.net//foro/videojuegos-y-consolas.58/nueva-comunidad-videojuegos.479184/,2019-09-04,2,874
PS Vita y juego de futbol 2018,Anonymous,https://www.adslzone.net//foro/videojuegos-y-consolas.58/ps-vita-juego-futbol-2018.440482/,2017-10-27,2,1271
"Al jugar a juegos de Steam me crahsea el pc por completo llegando a salir una pantalla negra,violeta,amarilla, azul etc...",ansimark,https://www.adslzone.net//foro/videojuegos-y-consolas.58/jugar-juegos-steam-me-crahsea-pc-completo-llegando-salir-pantalla-negra-violeta-amarilla-azul-etc.481696/,2019-10-16,0,583
Comprar juegos digitales?,pablitotello,https://www.adslzone.net//foro/videojuegos-y-consolas.58/comprar-juegos-digitales.481170/,2019-10-07,0,921
ayuda con fifa 20 ps4,SonGoku,https://www.adslzone.net//foro/videojuegos-y-consolas.58/ayuda-fifa-20-ps4.480734/,2019-09-29,0,1021
+ fps = menos input lag?,centuriom,https://www.adslzone.net//foro/videojuegos-y-consolas.58/fps-menos-input-lag.479808/,2019-09-14,0,908
60 fps estables pero lento el fornite,victo444,https://www.adslzone.net//foro/videojuegos-y-consolas.58/60-fps-estables-pero-lento-fornite.479650/,2019-09-11,0,876
Necesito ayuda con el PES6,_dbl90_,https://www.adslzone.net//foro/videojuegos-y-consolas.58/necesito-ayuda-pes6.479480/,2019-09-08,0,559
videojuego,erlis,https://www.adslzone.net//foro/videojuegos-y-consolas.58/videojuego.479370/,2019-09-07,0,583
Hola,Kebin780q7,https://www.adslzone.net//foro/videojuegos-y-consolas.58/hola.477744/,2019-08-10,0,878
¡Problema PC al jugar!,Juanjuu05,https://www.adslzone.net//foro/videojuegos-y-consolas.58/problema-pc-jugar.477630/,2019-08-08,1,598
Encuesta videojuegos,IsaacMathew,https://www.adslzone.net//foro/videojuegos-y-consolas.58/encuesta-videojuegos.477286/,2019-08-02,1,915
duda con nintendo switch,abujanja,https://www.adslzone.net//foro/videojuegos-y-consolas.58/duda-nintendo-switch.477646/,2019-08-08,0,546
duda con la demo pro evolution soccer 2020 de ps4,abujanja,https://www.adslzone.net//foro/videojuegos-y-consolas.58/duda-demo-pro-evolution-soccer-2020-ps4.477180/,2019-07-31,0,673
estoy buscando nuevos juegos,inmacar,https://www.adslzone.net//foro/videojuegos-y-consolas.58/estoy-buscando-nuevos-juegos.477096/,2019-07-29,0,709
¿como hago que mi compu tire los juegos como antes?,TOMAS54541,https://www.adslzone.net//foro/videojuegos-y-consolas.58/como-hago-mi-compu-tire-juegos-como-antes.476728/,2019-07-21,0,782
Tarjetas graficas,Mateomexx,https://www.adslzone.net//foro/videojuegos-y-consolas.58/tarjetas-graficas.475990/,2019-07-08,1,922
Cable ethernet,Adsewl,https://www.adslzone.net//foro/videojuegos-y-consolas.58/cable-ethernet.475950/,2019-07-06,3,745
Xbox one x,Dave_richard90,https://www.adslzone.net//foro/videojuegos-y-consolas.58/xbox-one-x.475262/,2019-06-24,1,559
ayuda,fake00000,https://www.adslzone.net//foro/videojuegos-y-consolas.58/ayuda.475664/,2019-07-02,1,544
¿Tienda segura?,Tic.Tac,https://www.adslzone.net//foro/videojuegos-y-consolas.58/tienda-segura.473428/,2019-05-22,4,1042
"Sale mejor hacer un servidor en Minecraft de la forma normal, o con Hamachi?",Btajmieh,https://www.adslzone.net//foro/videojuegos-y-consolas.58/sale-mejor-hacer-servidor-minecraft-forma-normal-o-hamachi.475236/,2019-06-24,1,3182
gametwist,Guido lauria,https://www.adslzone.net//foro/videojuegos-y-consolas.58/gametwist.474418/,2019-06-11,1,709
Alien Calculator,SeveraGames,https://www.adslzone.net//foro/videojuegos-y-consolas.58/alien-calculator.474666/,2019-06-14,1,543
Hola necesito ayuda con xbox one,isca3215,https://www.adslzone.net//foro/videojuegos-y-consolas.58/hola-necesito-ayuda-xbox-one.472684/,2019-05-06,5,855
Problema de fps en CS:GO,iiZobal,https://www.adslzone.net//foro/videojuegos-y-consolas.58/problema-fps-cs-go.460056/,2018-10-01,3,943
Auriculares gaming ps4,Pedrolo1905,https://www.adslzone.net//foro/videojuegos-y-consolas.58/auriculares-gaming-ps4.471804/,2019-04-19,10,1138
que me corre mi pc,un meme de 16 bits,https://www.adslzone.net//foro/videojuegos-y-consolas.58/me-corre-mi-pc.472752/,2019-05-07,7,763
Ayuda imagen de juegos se congelan pc,thrashxD,https://www.adslzone.net//foro/videojuegos-y-consolas.58/ayuda-imagen-juegos-se-congelan-pc.430434/,2017-04-14,4,1141
Se me reinicia el pc cuando juego,Raulvalquiria,https://www.adslzone.net//foro/videojuegos-y-consolas.58/se-me-reinicia-pc-cuando-juego.470512/,2019-03-25,5,770
Mal funcionamiento de fortnite,Shurackz,https://www.adslzone.net//foro/videojuegos-y-consolas.58/mal-funcionamiento-fortnite.470472/,2019-03-23,4,818
"Windows 10 May 2019 Update ""Compatibilidad juegos de Xbox nativo""",juanandeltonio,https://www.adslzone.net//foro/videojuegos-y-consolas.58/windows-10-may-2019-update-compatibilidad-juegos-xbox-nativo.471780/,2019-04-18,2,707
Auriculares gaming ps4,Pedrolo1905,https://www.adslzone.net//foro/videojuegos-y-consolas.58/auriculares-gaming-ps4.472034/,2019-04-23,0,568
Principales Normas sobre el Foro,Cazique,https://www.adslzone.net//foro/videojuegos-y-consolas.58/principales-normas-sobre-foro.152122/,2008-07-31,0,10029
GAMERZONA ABIERTA :D,ruvelro,https://www.adslzone.net//foro/videojuegos-y-consolas.58/gamerzona-abierta-d.271033/,2011-03-15,6,9224
¿Que juego es mejor?,Dael 09,https://www.adslzone.net//foro/videojuegos-y-consolas.58/juego-es-mejor.471224/,2019-04-07,1,684
PC de vga a hdmi,porfirito,https://www.adslzone.net//foro/videojuegos-y-consolas.58/pc-vga-hdmi.470166/,2019-03-18,7,738
Opiniones sobre ps4,Anonymous,https://www.adslzone.net//foro/videojuegos-y-consolas.58/opiniones-sobre-ps4.432998/,2017-05-31,2,1146
ICVG.app - Aplicación de rendimiento hardware en videojuegos.,ICVG,https://www.adslzone.net//foro/videojuegos-y-consolas.58/icvg-app-aplicacion-rendimiento-hardware-videojuegos.470238/,2019-03-19,0,629
"Es posible correr con un PRIME ASUS B360M-A, procesador Core i7-8700 y una tarjeta gráfica nvidia geforce gt 730 world of warcraft: battle for azeroth",Anonymous,https://www.adslzone.net//foro/videojuegos-y-consolas.58/es-posible-correr-prime-asus-b360m-procesador-core-i7-8700-tarjeta-grafica-nvidia-geforce-gt-730-world-of-warcraft-battle-for-azeroth.469984/,2019-03-14,4,865
watch dogs 2 se cuelga,killer_12___,https://www.adslzone.net//foro/videojuegos-y-consolas.58/watch-dogs-2-se-cuelga.469902/,2019-03-13,2,1275
Ayuda/dudas conexion Blackops 4,sigala,https://www.adslzone.net//foro/videojuegos-y-consolas.58/ayuda-dudas-conexion-blackops-4.467746/,2019-01-31,0,746
Mando play 4,Crismari,https://www.adslzone.net//foro/videojuegos-y-consolas.58/mando-play-4.466280/,2019-01-04,3,984
my router se reinicia si juego al UNO,gestido,https://www.adslzone.net//foro/videojuegos-y-consolas.58/my-router-se-reinicia-si-juego-uno.465774/,2018-12-26,7,954
¿que juego es el mejor?,Anonymous,https://www.adslzone.net//foro/videojuegos-y-consolas.58/juego-es-mejor.419306/,2016-10-27,5,1453
Necesito a gente para sacar trofeos,juanantoniocg99,https://www.adslzone.net//foro/videojuegos-y-consolas.58/necesito-gente-sacar-trofeos.458254/,2018-09-09,2,815
Altavoces para PS4 y PC,Mario.93,https://www.adslzone.net//foro/videojuegos-y-consolas.58/altavoces-ps4-pc.463638/,2018-11-16,1,950
AYUDA Error su-42118-6 ps4 slim 6.02,josemi20,https://www.adslzone.net//foro/videojuegos-y-consolas.58/ayuda-error-su-42118-6-ps4-slim-6-02.462164/,2018-10-25,1,8632
Monitor para PS4 Pro,BerberCR,https://www.adslzone.net//foro/videojuegos-y-consolas.58/monitor-ps4-pro.461304/,2018-10-15,1,779
Nintendo Switch,ales349,https://www.adslzone.net//foro/videojuegos-y-consolas.58/nintendo-switch.460762/,2018-10-09,0,721
conectar mando en puerto de serie y jugar??,killer_12___,https://www.adslzone.net//foro/videojuegos-y-consolas.58/conectar-mando-puerto-serie-jugar.458906/,2018-09-18,3,729
No puedo guardar partidas en Fallou new Vegas,TuVieja,https://www.adslzone.net//foro/videojuegos-y-consolas.58/no-puedo-guardar-partidas-fallou-new-vegas.458150/,2018-09-07,1,699
Error 8015190B,Rockmantico,https://www.adslzone.net//foro/videojuegos-y-consolas.58/error-8015190b.456946/,2018-08-18,1,997
Proyector para PS4,persa45,https://www.adslzone.net//foro/videojuegos-y-consolas.58/proyector-ps4.441370/,2017-11-15,2,917
¿Hay alguna forma de enviar (no muy cara) video inalámbrico Full HD?,javier1989,https://www.adslzone.net//foro/videojuegos-y-consolas.58/hay-alguna-forma-enviar-no-muy-cara-video-inalambrico-full-hd.454074/,2018-06-20,2,866
Guía de uso TeamSpeak 2,v1lero,https://www.adslzone.net//foro/videojuegos-y-consolas.58/gui-uso-teamspeak-2.192825/,2009-05-05,6,9621
Estamos buscando Game Testers para un nuevo MOBA de gamengame.com,joliness,https://www.adslzone.net//foro/videojuegos-y-consolas.58/estamos-buscando-game-testers-nuevo-moba-gamengame-com.454828/,2018-07-05,0,769
como abro los puertos de mi consola en router zyxel vmg,santosluis,https://www.adslzone.net//foro/videojuegos-y-consolas.58/como-abro-puertos-mi-consola-router-zyxel-vmg.452634/,2018-05-24,1,849
¿Jugar online Ps4?,Aitor_87,https://www.adslzone.net//foro/videojuegos-y-consolas.58/jugar-online-ps4.448102/,2018-02-04,2,1044
Ayuda servidores plants vs zombies garden warfare 1 y 2 PS4,Outbreakfile7,https://www.adslzone.net//foro/videojuegos-y-consolas.58/ayuda-servidores-plants-vs-zombies-garden-warfare-1-2-ps4.451932/,2018-05-11,1,1136
Ps3 conectar a monitor VGA,Batioman,https://www.adslzone.net//foro/videojuegos-y-consolas.58/ps3-conectar-monitor-vga.448112/,2018-02-04,1,809
"Estoy Jodido, URGENTE !",Anonymous,https://www.adslzone.net//foro/videojuegos-y-consolas.58/estoy-jodido-urgente.444872/,2018-01-26,1,825
Necesito configuracion para Smartwatch CHEREEKI. Cuenta PS,faltron69,https://www.adslzone.net//foro/videojuegos-y-consolas.58/necesito-configuracion-smartwatch-chereeki-cuenta-ps.443930/,2018-01-07,1,1190
Gamesto,Anonymous,https://www.adslzone.net//foro/videojuegos-y-consolas.58/gamesto.443042/,2017-12-17,0,803
Donde comprar la nintendo Switch,Anonymous,https://www.adslzone.net//foro/videojuegos-y-consolas.58/donde-comprar-nintendo-switch.434948/,2017-07-09,3,992
duda con ps4,abujanja,https://www.adslzone.net//foro/videojuegos-y-consolas.58/duda-ps4.440444/,2017-10-26,2,831
ayuda conexión para jugar wifi,HelloFranklin,https://www.adslzone.net//foro/videojuegos-y-consolas.58/ayuda-conexion-jugar-wifi.438624/,2017-09-20,3,902
Recomendación disco duro externo para PS4,VanDamme_19,https://www.adslzone.net//foro/videojuegos-y-consolas.58/recomendacion-disco-duro-externo-ps4.438278/,2017-09-12,5,1000
Usar Disco Duro Externo en PS3,xmjunior,https://www.adslzone.net//foro/videojuegos-y-consolas.58/usar-disco-duro-externo-ps3.433766/,2017-06-15,2,788
Recomendación de shooter 3D,zalammy,https://www.adslzone.net//foro/videojuegos-y-consolas.58/recomendacion-shooter-3d.431778/,2017-05-08,4,910
Dos PS4 conectadas por cable en el mismo router.,manuelcangas,https://www.adslzone.net//foro/videojuegos-y-consolas.58/dos-ps4-conectadas-cable-mismo-router.431262/,2017-04-29,2,1106
Comprar Xbox One vs One Slim actualmente?,Inthedark,https://www.adslzone.net//foro/videojuegos-y-consolas.58/comprar-xbox-one-vs-one-slim-actualmente.429090/,2017-03-24,2,771
juego de futbol de maquinas recreativas,Anonymous,https://www.adslzone.net//foro/videojuegos-y-consolas.58/juego-futbol-maquinas-recreativas.282896/,2011-07-29,6,8751
Consejo: ¿Nintendo Switch? o ¿3DS?,Batioman,https://www.adslzone.net//foro/videojuegos-y-consolas.58/consejo-nintendo-switch-o-3ds.427254/,2017-02-26,4,938
Encontrar los recuerdos en Zelda: Breath of the Wild,cgonzalez,https://www.adslzone.net//foro/videojuegos-y-consolas.58/encontrar-recuerdos-zelda-breath-of-the-wild.428182/,2017-03-09,1,856
Principales Normas sobre el Foro,Cazique,https://www.adslzone.net//foro/videojuegos-y-consolas.58/principales-normas-sobre-foro.152122/,2008-07-31,0,10029
GAMERZONA ABIERTA :D,ruvelro,https://www.adslzone.net//foro/videojuegos-y-consolas.58/gamerzona-abierta-d.271033/,2011-03-15,6,9224
Gamepad se desconecta por Bluetooth,silenciods,https://www.adslzone.net//foro/videojuegos-y-consolas.58/gamepad-se-desconecta-bluetooth.400748/,2016-01-07,2,12271
¿donde comprar juegos online??,poseidon9000,https://www.adslzone.net//foro/videojuegos-y-consolas.58/donde-comprar-juegos-online.265285/,2011-01-22,28,21089
Ayuda con mi consola 3ds,Anonymous,https://www.adslzone.net//foro/videojuegos-y-consolas.58/ayuda-mi-consola-3ds.427634/,2017-03-01,1,726
Mejores DNS para jugar online en PS4?,Neo583,https://www.adslzone.net//foro/videojuegos-y-consolas.58/mejores-dns-jugar-online-ps4.427224/,2017-02-25,4,836
Grupo Telegram sobre Videojuegos,Deadmau5,https://www.adslzone.net//foro/videojuegos-y-consolas.58/grupo-telegram-sobre-videojuegos.424194/,2017-01-13,8,2853
duda legal sobre acceso remoto y revision de pc en juegos on,Anonymous,https://www.adslzone.net//foro/videojuegos-y-consolas.58/duda-legal-sobre-acceso-remoto-revision-pc-juegos-on.425050/,2017-01-26,1,588
Compro PS3 o PS3 ultraslim ?,Valentin406,https://www.adslzone.net//foro/videojuegos-y-consolas.58/compro-ps3-o-ps3-ultraslim.326578/,2012-11-27,25,23519
Double Dragon IV celebra su 30 aniversario,Kalham,https://www.adslzone.net//foro/videojuegos-y-consolas.58/double-dragon-iv-celebra-su-30-aniversario.423222/,2016-12-28,1,688
duda en game cube,goron,https://www.adslzone.net//foro/videojuegos-y-consolas.58/duda-game-cube.423826/,2017-01-08,1,648
[Xbox] Listado de juegos y precios por bazar,Anonymous,https://www.adslzone.net//foro/videojuegos-y-consolas.58/xbox-listado-juegos-precios-bazar.422784/,2016-12-21,0,1707
"Mafia 3 (original) y AMD incompatibles, que solución?",rayoni,https://www.adslzone.net//foro/videojuegos-y-consolas.58/mafia-3-original-amd-incompatibles-solucion.419598/,2016-11-01,3,3380
Que tal va el Just cause 3.,Inthedark,https://www.adslzone.net//foro/videojuegos-y-consolas.58/tal-va-just-cause-3.418104/,2016-10-07,1,814
Rise of tomb raider bloqueado a 30 fps en 2k,davidcm93,https://www.adslzone.net//foro/videojuegos-y-consolas.58/rise-of-tomb-raider-bloqueado-30-fps-2k.417834/,2016-10-03,2,909
Mejores DNS de jazztel para jugar online con PS4?,Neo583,https://www.adslzone.net//foro/videojuegos-y-consolas.58/mejores-dns-jazztel-jugar-online-ps4.416316/,2016-09-07,2,1439
TOP 5-TIENDAS DE VIDEOJUEGOS EN ESPAÑA,Chasky,https://www.adslzone.net//foro/videojuegos-y-consolas.58/top-5-tiendas-videojuegos-espan.67962/,2006-11-28,23,34476
pokemon go duda nombre pj,Anonymous,https://www.adslzone.net//foro/videojuegos-y-consolas.58/pokemon-go-duda-nombre-pj.413820/,2016-07-23,8,1102
Jugar a la PS4 en verano,carlos30,https://www.adslzone.net//foro/videojuegos-y-consolas.58/jugar-ps4-verano.411932/,2016-06-20,4,1202
"cascos con micrófono para ps4,problema",Anonymous,https://www.adslzone.net//foro/videojuegos-y-consolas.58/cascos-microfono-ps4-problema.412450/,2016-06-30,2,1005
Obtener ip servidores cod bo3 en ps4,Crysis_War,https://www.adslzone.net//foro/videojuegos-y-consolas.58/obtener-ip-servidores-cod-bo3-ps4.412300/,2016-06-27,16,5744
GAMERZONA ABIERTA :D,ruvelro,https://www.adslzone.net//foro/videojuegos-y-consolas.58/gamerzona-abierta-d.271033/,2011-03-15,6,9224
Problemas de conexion FIFA 16 PS4,Anonymous,https://www.adslzone.net//foro/videojuegos-y-consolas.58/problemas-conexion-fifa-16-ps4.408604/,2016-04-30,2,1244
velocidad de subida en black ops 3,jorgedemonroy,https://www.adslzone.net//foro/videojuegos-y-consolas.58/velocidad-subida-black-ops-3.411644/,2016-06-15,2,847
menos velocidad subida a xbox one,bertmen,https://www.adslzone.net//foro/videojuegos-y-consolas.58/menos-velocidad-subida-xbox-one.409752/,2016-05-16,4,1403
DMZ o abrir puertos en PS4,kontrol_deejay,https://www.adslzone.net//foro/videojuegos-y-consolas.58/dmz-o-abrir-puertos-ps4.409668/,2016-05-15,1,1487
No me llega los megas contratados a la PS3,ator y chiky66,https://www.adslzone.net//foro/videojuegos-y-consolas.58/no-me-llega-megas-contratados-ps3.407766/,2016-04-19,5,2344
vender xbox one,Anonymous,https://www.adslzone.net//foro/videojuegos-y-consolas.58/vender-xbox-one.394406/,2015-10-15,5,2528
Compra de juegos online,QueenVictoria,https://www.adslzone.net//foro/videojuegos-y-consolas.58/compra-juegos-online.407724/,2016-04-18,1,890
Consulta internet ps3,carlos30,https://www.adslzone.net//foro/videojuegos-y-consolas.58/consulta-internet-ps3.381074/,2015-05-03,3,1341
Ps4 dudas,guarripei,https://www.adslzone.net//foro/videojuegos-y-consolas.58/ps4-dudas.406198/,2016-03-27,2,971
[DUDA] Harry Potter y las Reliquias de la Muerte Parte 2 [Im,Paul_Crew,https://www.adslzone.net//foro/videojuegos-y-consolas.58/duda-harry-potter-reliquias-muerte-parte-2-im.405768/,2016-03-20,1,1080
Grabar juego de mas de 4'7gb,guaflow81,https://www.adslzone.net//foro/videojuegos-y-consolas.58/grabar-juego-mas-47gb.127415/,2008-01-31,13,2404
Codigos de Xbox live gold 48h gratis!!,carlucos,https://www.adslzone.net//foro/videojuegos-y-consolas.58/codigos-xbox-live-gold-48h-gratis.109451/,2007-10-07,3,2284
nombre de dos juegos de recreativas,masivo,https://www.adslzone.net//foro/videojuegos-y-consolas.58/nombre-dos-juegos-recreativas.404808/,2016-03-05,3,1117
Duda : PS4 o xbox One,DJSombra,https://www.adslzone.net//foro/videojuegos-y-consolas.58/duda-ps4-o-xbox-one.351205/,2013-10-17,19,3463
Resuelve Acertijos: Juego para Android gratuito,Txiskojv,https://www.adslzone.net//foro/videojuegos-y-consolas.58/resuelve-acertijos-juego-android-gratuito.404056/,2016-02-21,4,2740
duda con play station tv,abujanja,https://www.adslzone.net//foro/videojuegos-y-consolas.58/duda-play-station-tv.402138/,2016-01-26,4,1129
AYUDA QUAKE 4: como sigo???,miracleman,https://www.adslzone.net//foro/videojuegos-y-consolas.58/ayuda-quake-4-como-sigo.73723/,2007-01-09,4,3647
nat estricta por cable.,luisga86,https://www.adslzone.net//foro/videojuegos-y-consolas.58/nat-estricta-cable.401720/,2016-01-21,1,1360
Consiguen piratear la PS4,ruvelro,https://www.adslzone.net//foro/videojuegos-y-consolas.58/consiguen-piratear-ps4.399016/,2015-12-14,2,1837
ps3 juegos de ps2 ?,Anonymous,https://www.adslzone.net//foro/videojuegos-y-consolas.58/ps3-juegos-ps2.397246/,2015-11-20,3,1179
Principales Normas sobre el Foro,Cazique,https://www.adslzone.net//foro/videojuegos-y-consolas.58/principales-normas-sobre-foro.152122/,2008-07-31,0,10029
GAMERZONA ABIERTA :D,ruvelro,https://www.adslzone.net//foro/videojuegos-y-consolas.58/gamerzona-abierta-d.271033/,2011-03-15,6,9224
Articon necesita vuestra ayuda,Anonymous,https://www.adslzone.net//foro/videojuegos-y-consolas.58/articon-necesita-vuestra-ayuda.397004/,2015-11-17,3,1049
nuevo juego online parecido al ogame pero mas rapido.,jsm-fo,https://www.adslzone.net//foro/videojuegos-y-consolas.58/nuevo-juego-online-parecido-ogame-pero-mas-rapido.211084/,2009-10-01,6,17362
duda minecraft,Anonymous,https://www.adslzone.net//foro/videojuegos-y-consolas.58/duda-minecraft.396222/,2015-11-07,1,1172
Cinco secretos oscuros escondidos en Super Mario,fer.cardozo,https://www.adslzone.net//foro/videojuegos-y-consolas.58/cinco-secretos-oscuros-escondidos-super-mario.394600/,2015-10-17,1,1195
MP5 IMODO GENESIS 4G,spmympb,https://www.adslzone.net//foro/videojuegos-y-consolas.58/mp5-imodo-genesis-4g.388726/,2015-08-12,1,2177
No puedo cargar partidas de juegos sin estar conectado a xbo,elzaragozano,https://www.adslzone.net//foro/videojuegos-y-consolas.58/no-puedo-cargar-partidas-juegos-sin-estar-conectado-xbo.386574/,2015-07-15,6,2835
ayuda por favor con ps4 creo que algo no va bien,abujanja,https://www.adslzone.net//foro/videojuegos-y-consolas.58/ayuda-favor-ps4-creo-algo-no-va-bien.379026/,2015-04-09,6,1393
300 megas y Xbox One.,iSunamy,https://www.adslzone.net//foro/videojuegos-y-consolas.58/300-megas-xbox-one.384508/,2015-06-16,5,2137
Ps4 para niño de 8 años?,Olgavc,https://www.adslzone.net//foro/videojuegos-y-consolas.58/ps4-nino-8-nos.384292/,2015-06-15,2,1455
Me da continuamente errores de conectividad a la hora de jug,AmericanRock_76,https://www.adslzone.net//foro/videojuegos-y-consolas.58/me-da-continuamente-errores-conectividad-hora-jug.383250/,2015-05-31,9,1501
"Problema con adaptador LAN, sospecho que me han timado",AlberRM,https://www.adslzone.net//foro/videojuegos-y-consolas.58/problema-adaptador-lan-sospecho-me-timado.383572/,2015-06-04,1,893
Dudas sobre la PS4,Anonymous,https://www.adslzone.net//foro/videojuegos-y-consolas.58/dudas-sobre-ps4.381760/,2015-05-10,9,1562
Dos sobres gratis en Hearthstone,ruvelro,https://www.adslzone.net//foro/videojuegos-y-consolas.58/dos-sobres-gratis-hearthstone.381956/,2015-05-13,0,975
¿Cómo se conecta este convertidor?,Anonymous,https://www.adslzone.net//foro/videojuegos-y-consolas.58/como-se-conecta-este-convertidor.381766/,2015-05-11,1,811
Steam se actuliza solo,Anonymous,https://www.adslzone.net//foro/videojuegos-y-consolas.58/steam-se-actuliza-solo.380914/,2015-04-30,1,828
ps4,Anonymous,https://www.adslzone.net//foro/videojuegos-y-consolas.58/ps4.381244/,2015-05-05,1,733
Mando genérico para GTA V,Anonymous,https://www.adslzone.net//foro/videojuegos-y-consolas.58/mando-generico-gta-v.380740/,2015-04-29,3,2545
borrar juegos de mi perfil de xbox360,Anonymous,https://www.adslzone.net//foro/videojuegos-y-consolas.58/borrar-juegos-mi-perfil-xbox360.379742/,2015-04-17,1,890
Donde comprar videojuegos de pc baratos???,Andrei26,https://www.adslzone.net//foro/videojuegos-y-consolas.58/donde-comprar-videojuegos-pc-baratos.368371/,2014-08-21,5,1579
problemas con star wars battlegrounds en win 7 64bits,Anonymous,https://www.adslzone.net//foro/videojuegos-y-consolas.58/problemas-star-wars-battlegrounds-win-7-64bits.377071/,2015-03-03,1,1545
"iLands, el popular juego de construcción basado en Minecraft",Anonymous,https://www.adslzone.net//foro/videojuegos-y-consolas.58/ilands-popular-juego-construccion-basado-minecraft.366971/,2014-07-17,1,1889
"Liga FIFA 15 Fichajes, liga, champions, sponsor, etc...",viic86,https://www.adslzone.net//foro/videojuegos-y-consolas.58/liga-fifa-15-fichajes-liga-champions-sponsor-etc.376315/,2015-02-12,0,873
Información para crear torneos físicos en Xbox o Playstation,Anonymous,https://www.adslzone.net//foro/videojuegos-y-consolas.58/informacion-crear-torneos-fisicos-xbox-o-playstation.375989/,2015-02-05,0,900
AYUDA CON PUERTOS XBOX 360,jurrata,https://www.adslzone.net//foro/videojuegos-y-consolas.58/ayuda-puertos-xbox-360.375939/,2015-02-04,1,1055
Como protejo mi xbox 360 de virus?,Optimus Prime,https://www.adslzone.net//foro/videojuegos-y-consolas.58/como-protejo-mi-xbox-360-virus.374150/,2014-12-26,3,1226
VIDEOJUEGOS 7.1 PS4/XBOX ONE,Anonymous,https://www.adslzone.net//foro/videojuegos-y-consolas.58/videojuegos-7-1-ps4-xbox-one.375350/,2015-01-25,0,837
NECESITAMOS DOS ROLES PARA COMPLETAR GRUPO DE DESARROLLADORE,rilu,https://www.adslzone.net//foro/videojuegos-y-consolas.58/necesitamos-dos-roles-completar-grupo-desarrolladore.366584/,2014-07-08,5,1155
2 dudas con ps4 ayuda por favor.,abujanja,https://www.adslzone.net//foro/videojuegos-y-consolas.58/2-dudas-ps4-ayuda-favor.375054/,2015-01-18,0,841
Xbox one nat estrica eterna no se que hacer,cerberussz,https://www.adslzone.net//foro/videojuegos-y-consolas.58/xbox-one-nat-estrica-eterna-no-se-hacer.374683/,2015-01-10,2,935
Cual de estas 2 conexiones es mejor para jugar,Anonymous,https://www.adslzone.net//foro/videojuegos-y-consolas.58/cual-estas-2-conexiones-es-mejor-jugar.373896/,2014-12-19,1,952
Emular mando xbox en pc con mando genérico,Anonymous,https://www.adslzone.net//foro/videojuegos-y-consolas.58/emular-mando-xbox-pc-mando-generico.372451/,2014-11-22,1,1170
web de intercambio de videojuegos tradejuegos.com,winpoo,https://www.adslzone.net//foro/videojuegos-y-consolas.58/web-intercambio-videojuegos-tradejuegos-com.372450/,2014-11-22,0,978
Cuales son las ventajas y desventajas del PS4?,david.v406,https://www.adslzone.net//foro/videojuegos-y-consolas.58/cuales-son-ventajas-desventajas-ps4.370851/,2014-10-15,2,1622
Duda con ps3 y ps4,carlos30,https://www.adslzone.net//foro/videojuegos-y-consolas.58/duda-ps3-ps4.371772/,2014-11-04,1,916
duda con mando xbox con cable usb para el pc.,SonGoku,https://www.adslzone.net//foro/videojuegos-y-consolas.58/duda-mando-xbox-cable-usb-pc.371591/,2014-10-31,1,937
ID Portatil ( PS3 ),djsalas,https://www.adslzone.net//foro/videojuegos-y-consolas.58/id-portatil-ps3.371535/,2014-10-29,0,774
Clash Of Clans,Anonymous,https://www.adslzone.net//foro/videojuegos-y-consolas.58/clash-of-clans.371215/,2014-10-22,1,863
El Sniper Ghost Warrior2 se me queda bloqueado,Poli-50,https://www.adslzone.net//foro/videojuegos-y-consolas.58/sniper-ghost-warrior2-se-me-queda-bloqueado.371113/,2014-10-20,1,712
problemas. cada vez q inicio juego fifa 15 con psn,seko,https://www.adslzone.net//foro/videojuegos-y-consolas.58/problemas-cada-vez-q-inicio-juego-fifa-15-psn.370498/,2014-10-06,3,891
Ayuda por favor con error del boton share en fifa y con la n,abujanja,https://www.adslzone.net//foro/videojuegos-y-consolas.58/ayuda-favor-error-boton-share-fifa-n.370737/,2014-10-12,0,730
Principales Normas sobre el Foro,Cazique,https://www.adslzone.net//foro/videojuegos-y-consolas.58/principales-normas-sobre-foro.152122/,2008-07-31,0,10029
GAMERZONA ABIERTA :D,ruvelro,https://www.adslzone.net//foro/videojuegos-y-consolas.58/gamerzona-abierta-d.271033/,2011-03-15,6,9224
Juego de golf.,wero,https://www.adslzone.net//foro/videojuegos-y-consolas.58/juego-golf.370136/,2014-09-28,0,706
me llega un correo de LOL de una compra extraña ¿?,Anonymous,https://www.adslzone.net//foro/videojuegos-y-consolas.58/me-llega-correo-lol-compra-extran.362620/,2014-04-07,2,1184
Que tecla es esta del juego TF 2 ?,Anonymous,https://www.adslzone.net//foro/videojuegos-y-consolas.58/tecla-es-esta-juego-tf-2.368956/,2014-09-03,4,1310
ayuda con clack clack clack al arancar la ps3slim.,abujanja,https://www.adslzone.net//foro/videojuegos-y-consolas.58/ayuda-clack-clack-clack-arancar-ps3slim.366585/,2014-07-08,6,1013
ayuda para entrar en ea arena fifa 14 ps3,abujanja,https://www.adslzone.net//foro/videojuegos-y-consolas.58/ayuda-entrar-ea-arena-fifa-14-ps3.351099/,2013-10-15,1,1402
"Arcade donde se decía ""¡Cleo, cleo, ia!"" (MAME, años 80)",Anonymous,https://www.adslzone.net//foro/videojuegos-y-consolas.58/arcade-donde-se-deci-cleo-cleo-ia-mame-nos-80.365896/,2014-06-21,1,879
"Las voces de los personajes en el fear no se oyen, ayuda.",comanechy,https://www.adslzone.net//foro/videojuegos-y-consolas.58/voces-personajes-fear-no-se-oyen-ayuda.29046/,2006-01-29,14,6610
Consulta importante....,carlos30,https://www.adslzone.net//foro/videojuegos-y-consolas.58/consulta-importante.364776/,2014-05-25,1,923
Duda sobre la nube de Steam y virus.,Anonymous,https://www.adslzone.net//foro/videojuegos-y-consolas.58/duda-sobre-nube-steam-virus.364596/,2014-05-21,1,893
"Genera Tu PSN Card de 10 ,20 y 50 $",fercho107,https://www.adslzone.net//foro/videojuegos-y-consolas.58/genera-tu-psn-card-10-20-50.364126/,2014-05-12,0,848
Mac de la Xbox 360,Anonymous,https://www.adslzone.net//foro/videojuegos-y-consolas.58/mac-xbox-360.364080/,2014-05-10,1,785
Flight Simulator 2004,Anonymous,https://www.adslzone.net//foro/videojuegos-y-consolas.58/flight-simulator-2004.363557/,2014-04-28,2,956
Nick Ps3,ESSECUR,https://www.adslzone.net//foro/videojuegos-y-consolas.58/nick-ps3.363043/,2014-04-15,2,896
duda al cambiar varias veces la visualizacion de la camara.,abujanja,https://www.adslzone.net//foro/videojuegos-y-consolas.58/duda-cambiar-varias-veces-visualizacion-camara.361666/,2014-03-18,2,866
Capturadora PS3 y PC,gfcn,https://www.adslzone.net//foro/videojuegos-y-consolas.58/capturadora-ps3-pc.361568/,2014-03-16,1,875
Teclado Wireless keypad SONY,tocamerroque,https://www.adslzone.net//foro/videojuegos-y-consolas.58/teclado-wireless-keypad-sony.361447/,2014-03-13,4,1452
(solucionado)Se me apago sola la tablet y no se enciende.,tp-linkivan,https://www.adslzone.net//foro/videojuegos-y-consolas.58/solucionado-se-me-apago-sola-tablet-no-se-enciende.360517/,2014-02-25,2,16314
conectar 2 ps4 a una conexion adsl,trina_tr,https://www.adslzone.net//foro/videojuegos-y-consolas.58/conectar-2-ps4-conexion-adsl.360033/,2014-02-17,6,4430
cambiar nat estricta,Anonymous,https://www.adslzone.net//foro/videojuegos-y-consolas.58/cambiar-nat-estricta.216832/,2009-11-13,23,25264
cambiar usuario battlenet,Anonymous,https://www.adslzone.net//foro/videojuegos-y-consolas.58/cambiar-usuario-battlenet.359564/,2014-02-10,1,1309
¿Cómo sacar arena de la Nintendo?,Sergiotcj,https://www.adslzone.net//foro/videojuegos-y-consolas.58/como-sacar-arena-nintendo.356603/,2014-01-01,4,1144
Cuenta Xbox sin Live,Anonymous,https://www.adslzone.net//foro/videojuegos-y-consolas.58/cuenta-xbox-sin-live.354129/,2013-11-27,1,1028
Datos de mi Cuenta de BattleNet,Anonymous,https://www.adslzone.net//foro/videojuegos-y-consolas.58/datos-mi-cuenta-battlenet.354127/,2013-11-27,2,1111
dudas modo classic de Minecraft,Anonymous,https://www.adslzone.net//foro/videojuegos-y-consolas.58/dudas-modo-classic-minecraft.348430/,2013-09-10,1,1586
duda con el cable hdmi.,abujanja,https://www.adslzone.net//foro/videojuegos-y-consolas.58/duda-cable-hdmi.356608/,2014-01-01,1,874
perfiles en Arena gamespy,Anonymous,https://www.adslzone.net//foro/videojuegos-y-consolas.58/perfiles-arena-gamespy.356895/,2014-01-05,1,931
Duda auriculares para jugar :),Anonymous,https://www.adslzone.net//foro/videojuegos-y-consolas.58/duda-auriculares-jugar.357078/,2014-01-07,1,944
Tutorial : Emulador Wii : como jugar a la Wii en el PC,Anonymous,https://www.adslzone.net//foro/videojuegos-y-consolas.58/tutorial-emulador-wii-como-jugar-wii-pc.272458/,2011-03-29,4,14935
Un error de PS4 corrompe Archivos de Guardado,Anonymous,https://www.adslzone.net//foro/videojuegos-y-consolas.58/error-ps4-corrompe-archivos-guardado.358158/,2014-01-21,2,1030
Dudas de dos juegos para PC,Anonymous,https://www.adslzone.net//foro/videojuegos-y-consolas.58/dudas-dos-juegos-pc.357454/,2014-01-12,2,911
Problema cargar roms cartucho gameboy advance,Anonymous,https://www.adslzone.net//foro/videojuegos-y-consolas.58/problema-cargar-roms-cartucho-gameboy-advance.358768/,2014-01-29,1,1297
Que mini- consola le compro a mi hija?,Anonymous,https://www.adslzone.net//foro/videojuegos-y-consolas.58/mini-consola-le-compro-mi-hija.357402/,2014-01-12,9,1432
Gana una PS4!!,dante_destroyer,https://www.adslzone.net//foro/videojuegos-y-consolas.58/gana-ps4.357822/,2014-01-16,0,868
conectar ps3 a pc hp touchsmart,delpy,https://www.adslzone.net//foro/videojuegos-y-consolas.58/conectar-ps3-pc-hp-touchsmart.226727/,2010-01-27,8,4613
mando ps4,Anonymous,https://www.adslzone.net//foro/videojuegos-y-consolas.58/mando-ps4.356290/,2013-12-26,1,812
Gameplay de Half Life 3,elbart0,https://www.adslzone.net//foro/videojuegos-y-consolas.58/gameplay-half-life-3.356381/,2013-12-28,0,751
actualiza el Steam cada vez que arranco el ordenador ?,Anonymous,https://www.adslzone.net//foro/videojuegos-y-consolas.58/actualiza-steam-cada-vez-arranco-ordenador.354783/,2013-12-04,1,15703
Left 4 Dead 2 en Xbox problema con portada ?,Anonymous,https://www.adslzone.net//foro/videojuegos-y-consolas.58/left-4-dead-2-xbox-problema-portada.354128/,2013-11-27,0,809
hay soporte de foros de Xbox...?,Anonymous,https://www.adslzone.net//foro/videojuegos-y-consolas.58/hay-soporte-foros-xbox.353671/,2013-11-20,0,809
MEJOR JUEGO ENTRENADOR DE FUTBOL!!!!,As123456,https://www.adslzone.net//foro/videojuegos-y-consolas.58/mejor-juego-entrenador-futbol.316908/,2012-08-13,2,2330
Principales Normas sobre el Foro,Cazique,https://www.adslzone.net//foro/videojuegos-y-consolas.58/principales-normas-sobre-foro.152122/,2008-07-31,0,10029
GAMERZONA ABIERTA :D,ruvelro,https://www.adslzone.net//foro/videojuegos-y-consolas.58/gamerzona-abierta-d.271033/,2011-03-15,6,9224
Problema Archivos,oucast,https://www.adslzone.net//foro/videojuegos-y-consolas.58/problema-archivos.352306/,2013-11-02,6,1174
La tiendita de Amazon,Amazon,https://www.adslzone.net//foro/videojuegos-y-consolas.58/tiendita-amazon.352485/,2013-11-05,2,1075
¿Conoceis páginas de Cdkeys?,Anonymous,https://www.adslzone.net//foro/videojuegos-y-consolas.58/conoceis-paginas-cdkeys.351356/,2013-10-19,1,1140
recomendacion para eliger la mejor visualizacion de camara,abujanja,https://www.adslzone.net//foro/videojuegos-y-consolas.58/recomendacion-eliger-mejor-visualizacion-camara.351275/,2013-10-18,2,1492
mejor router para ps3 de jazztel,asunika,https://www.adslzone.net//foro/videojuegos-y-consolas.58/mejor-router-ps3-jazztel.348293/,2013-09-08,2,1828
¿Para cuando la guía oficial del gta5?,elzaragozano,https://www.adslzone.net//foro/videojuegos-y-consolas.58/cuando-gui-oficial-gta5.350107/,2013-10-03,3,1109
Duda entre eleccion de ps4 o Xbox one,Mx_prometeus,https://www.adslzone.net//foro/videojuegos-y-consolas.58/duda-entre-eleccion-ps4-o-xbox-one.350739/,2013-10-10,2,1132
Cómo conecto el Wii a mi Home Theater LG DH4130?,Agamez,https://www.adslzone.net//foro/videojuegos-y-consolas.58/como-conecto-wii-mi-home-theater-lg-dh4130.349348/,2013-09-22,1,3096
SOS con FINAL FANTASY XIV,vikktor,https://www.adslzone.net//foro/videojuegos-y-consolas.58/sos-final-fantasy-xiv.350322/,2013-10-06,0,911
duda fifa 14 con bug en ps3.,abujanja,https://www.adslzone.net//foro/videojuegos-y-consolas.58/duda-fifa-14-bug-ps3.350020/,2013-10-02,0,908
Jugar al Mann_vs._Machine de TF2 en servidores,Anonymous,https://www.adslzone.net//foro/videojuegos-y-consolas.58/jugar-mann_vs-_machine-tf2-servidores.349602/,2013-09-26,0,1134
Poratil AMD o Intel,rodolfosanmiguel,https://www.adslzone.net//foro/videojuegos-y-consolas.58/poratil-amd-o-intel.349347/,2013-09-22,0,941
sorteo de una PLAYSTATION 4 GRATIS corred insensatos!!,Anonymous,https://www.adslzone.net//foro/videojuegos-y-consolas.58/sorteo-playstation-4-gratis-corred-insensatos.349301/,2013-09-22,0,896
duda con posible defecto del cable hdmi.,abujanja,https://www.adslzone.net//foro/videojuegos-y-consolas.58/duda-posible-defecto-cable-hdmi.344198/,2013-07-05,6,2026
Precio de GTA V,Anonymous,https://www.adslzone.net//foro/videojuegos-y-consolas.58/precio-gta-v.347825/,2013-09-03,6,1851
ps2 al lcd,Anonymous,https://www.adslzone.net//foro/videojuegos-y-consolas.58/ps2-lcd.348735/,2013-09-13,0,1128
Triple monitor con tv,Anonymous,https://www.adslzone.net//foro/videojuegos-y-consolas.58/triple-monitor-tv.348717/,2013-09-13,0,1117
jugar en red en steam . no puedo en TF2,Anonymous,https://www.adslzone.net//foro/videojuegos-y-consolas.58/jugar-red-steam-no-puedo-tf2.343772/,2013-06-28,2,2431
Stream 1080p con lag.,Anonymous,https://www.adslzone.net//foro/videojuegos-y-consolas.58/stream-1080p-lag.347406/,2013-08-27,5,2188
ADIVINA EL JUEGO,juanlured,https://www.adslzone.net//foro/videojuegos-y-consolas.58/adivina-juego.237203/,2010-04-24,1411,283176
Problema con HDD,Anonymous,https://www.adslzone.net//foro/videojuegos-y-consolas.58/problema-hdd.346854/,2013-08-19,1,940
"MW3 como puedo dejar de ser host, con 50Mb de ono?",creative205,https://www.adslzone.net//foro/videojuegos-y-consolas.58/mw3-como-puedo-dejar-ser-host-50mb-ono.296299/,2011-12-22,34,20544
Jugar online con ps3 y navegar con 12mb de ono,ESSECUR,https://www.adslzone.net//foro/videojuegos-y-consolas.58/jugar-online-ps3-navegar-12mb-ono.345431/,2013-07-26,1,1164
Interferencias con ZyXEL NBG460N,MrC3RV3RO,https://www.adslzone.net//foro/videojuegos-y-consolas.58/interferencias-zyxel-nbg460n.345833/,2013-08-01,7,1866
Vendo cuenta de wot,torete2000,https://www.adslzone.net//foro/videojuegos-y-consolas.58/vendo-cuenta-wot.345203/,2013-07-23,0,1290
recomendacion de una buena visualizacion de camara fifa 13,abujanja,https://www.adslzone.net//foro/videojuegos-y-consolas.58/recomendacion-buena-visualizacion-camara-fifa-13.345197/,2013-07-22,0,851
Assassin's Creed II Gratis para Xbox Live Gold,bibisline,https://www.adslzone.net//foro/videojuegos-y-consolas.58/assassins-creed-ii-gratis-xbox-live-gold.344834/,2013-07-16,0,948
Yu-Gi-Oh! Online Español todas las cartas 1 LINk,Anonymous,https://www.adslzone.net//foro/videojuegos-y-consolas.58/yu-gi-oh-online-espanol-todas-cartas-1-link.343243/,2013-06-20,0,1793
Guia Laberinto del arbitro de las almas darksiders 2,Anonymous,https://www.adslzone.net//foro/videojuegos-y-consolas.58/guia-laberinto-arbitro-almas-darksiders-2.343003/,2013-06-16,0,2200
Comprar Nintendo 3DS en Amazon,Anonymous,https://www.adslzone.net//foro/videojuegos-y-consolas.58/comprar-nintendo-3ds-amazon.342830/,2013-06-13,4,1377
duda al configurar la play a internet.,SonGoku,https://www.adslzone.net//foro/videojuegos-y-consolas.58/duda-configurar-play-internet.340696/,2013-05-15,14,2813
DMC misión 11 ayuda encontrar todas las llaves del nivel,Anonymous,https://www.adslzone.net//foro/videojuegos-y-consolas.58/dmc-mision-11-ayuda-encontrar-todas-llaves-nivel.342410/,2013-06-07,1,1034
poblemas con 1 uego,Anonymous,https://www.adslzone.net//foro/videojuegos-y-consolas.58/poblemas-1-uego.340743/,2013-05-15,2,1222
¿Conoceis algun juego online gratuito?,Darkzul,https://www.adslzone.net//foro/videojuegos-y-consolas.58/conoceis-algun-juego-online-gratuito.204706/,2009-08-13,7,2041
Capturadora PS3 Sveon STV50,Anonymous,https://www.adslzone.net//foro/videojuegos-y-consolas.58/capturadora-ps3-sveon-stv50.329681/,2013-01-03,7,5902
porque cuando conecto la play mi tele no se ve ni un caanal?,Anonymous,https://www.adslzone.net//foro/videojuegos-y-consolas.58/porque-cuando-conecto-play-mi-tele-no-se-ve-ni-caanal.338847/,2013-04-21,2,1343
Recopilacion de Emuladores,ruvelro,https://www.adslzone.net//foro/videojuegos-y-consolas.58/recopilacion-emuladores.166315/,2008-11-05,4,3676
Elección audio Ps3 y duda convertidor...,Anonymous,https://www.adslzone.net//foro/videojuegos-y-consolas.58/eleccion-audio-ps3-duda-convertidor.337933/,2013-04-08,1,1161
Trailer Metal Gear Solid 5,Anonymous,https://www.adslzone.net//foro/videojuegos-y-consolas.58/trailer-metal-gear-solid-5.336964/,2013-03-28,0,938
Optimizar la conexión a ps3,Anonymous,https://www.adslzone.net//foro/videojuegos-y-consolas.58/optimizar-conexion-ps3.334233/,2013-02-23,1,1642
Principales Normas sobre el Foro,Cazique,https://www.adslzone.net//foro/videojuegos-y-consolas.58/principales-normas-sobre-foro.152122/,2008-07-31,0,10029
GAMERZONA ABIERTA :D,ruvelro,https://www.adslzone.net//foro/videojuegos-y-consolas.58/gamerzona-abierta-d.271033/,2011-03-15,6,9224
conexion Wii a TV sin mando,nira,https://www.adslzone.net//foro/videojuegos-y-consolas.58/conexion-wii-tv-sin-mando.335292/,2013-03-07,0,1344
Videojuegos PS3,adlpharm,https://www.adslzone.net//foro/videojuegos-y-consolas.58/videojuegos-ps3.334847/,2013-03-02,4,2184
PS4 o PlayStation 4 es oficial,Flamingos,https://www.adslzone.net//foro/videojuegos-y-consolas.58/ps4-o-playstation-4-es-oficial.334033/,2013-02-21,0,1091
duda con el cable hdmi.,abujanja,https://www.adslzone.net//foro/videojuegos-y-consolas.58/duda-cable-hdmi.328250/,2012-12-17,7,2447
Abandonware a petición de los usuarios,Chasky,https://www.adslzone.net//foro/videojuegos-y-consolas.58/abandonware-peticion-usuarios.169484/,2008-11-25,9,7449
ski alpin ¡¡¡ayuda!!!,CAPASANTA,https://www.adslzone.net//foro/videojuegos-y-consolas.58/ski-alpin-ayuda.333307/,2013-02-11,0,1142
mediacenter y xbox360,MARKING,https://www.adslzone.net//foro/videojuegos-y-consolas.58/mediacenter-xbox360.333125/,2013-02-09,3,1491
Simulador de tanques,desphase,https://www.adslzone.net//foro/videojuegos-y-consolas.58/simulador-tanques.52630/,2006-08-16,8,2735
configuracion ps3 para internet de netllar,voro83,https://www.adslzone.net//foro/videojuegos-y-consolas.58/configuracion-ps3-internet-netllar.332584/,2013-02-03,4,4037
¿Quién se acuerda del nombre de este juego?,moben,https://www.adslzone.net//foro/videojuegos-y-consolas.58/quien-se-acuerda-nombre-este-juego.332602/,2013-02-03,4,1541
AYUDA POR FAVOR!!,Metalyard,https://www.adslzone.net//foro/videojuegos-y-consolas.58/ayuda-favor.332159/,2013-01-29,3,1498
Problemas con r4i gold y mi DSi,Anonymous,https://www.adslzone.net//foro/videojuegos-y-consolas.58/problemas-r4i-gold-mi-dsi.331774/,2013-01-24,5,2003
el Oblivion Game of the Year Deluxe de Steam en ingles,Anonymous,https://www.adslzone.net//foro/videojuegos-y-consolas.58/oblivion-game-of-the-year-deluxe-steam-ingles.332010/,2013-01-27,0,1756
ABRIR PUERTO PARA CALL OF DUTY:MODERN WARFARE 2,xervonj,https://www.adslzone.net//foro/videojuegos-y-consolas.58/abrir-puerto-call-of-duty-modern-warfare-2.223368/,2010-01-02,14,46563
Regalo claves para DOTA 2,Asturianin,https://www.adslzone.net//foro/videojuegos-y-consolas.58/regalo-claves-dota-2.331528/,2013-01-22,1,1668
Isomods en el GTA4 xbox360,p2pforever,https://www.adslzone.net//foro/videojuegos-y-consolas.58/isomods-gta4-xbox360.331384/,2013-01-20,0,1069
descuento tarjeta XBOX Live,ekane,https://www.adslzone.net//foro/videojuegos-y-consolas.58/descuento-tarjeta-xbox-live.331064/,2013-01-17,3,1764
Ps3 o xbox?,seko,https://www.adslzone.net//foro/videojuegos-y-consolas.58/ps3-o-xbox.329098/,2012-12-27,6,2416
mejor operadora de internet para jugar black ops2 al multi,creative205,https://www.adslzone.net//foro/videojuegos-y-consolas.58/mejor-operadora-internet-jugar-black-ops2-multi.330384/,2013-01-10,1,1372
No entiendo lo de Start Port no. y End port no.,Anonymous,https://www.adslzone.net//foro/videojuegos-y-consolas.58/no-entiendo-start-port-no-end-port-no.329910/,2013-01-05,2,1447
Ayuda para juegos para xbox,Anonymous,https://www.adslzone.net//foro/videojuegos-y-consolas.58/ayuda-juegos-xbox.329076/,2012-12-27,12,2910
Que espacio ocupa registrase en play station network,seko,https://www.adslzone.net//foro/videojuegos-y-consolas.58/espacio-ocupa-registrase-play-station-network.329304/,2012-12-29,4,1952
Nueva serie de documentales sobre videojuegos de MS-DOS de l,Anonymous,https://www.adslzone.net//foro/videojuegos-y-consolas.58/nueva-serie-documentales-sobre-videojuegos-ms-dos-l.327557/,2012-12-09,3,1704
PS3 de 12gb ?¿,seko,https://www.adslzone.net//foro/videojuegos-y-consolas.58/ps3-12gb.328675/,2012-12-21,1,2062
CAPTURADORA VIDEO PARA PS3,ESSECUR,https://www.adslzone.net//foro/videojuegos-y-consolas.58/capturadora-video-ps3.328341/,2012-12-17,3,2067
Problema Nat moderada en Teldat 1104-W en xbox,Anonymous,https://www.adslzone.net//foro/videojuegos-y-consolas.58/problema-nat-moderada-teldat-1104-w-xbox.328373/,2012-12-18,0,1545
problema de conexion de mi adsl de jazztel y un juego online,leones2156,https://www.adslzone.net//foro/videojuegos-y-consolas.58/problema-conexion-mi-adsl-jazztel-juego-online.328168/,2012-12-15,2,1511
juegos no disponibles en steam,Anonymous,https://www.adslzone.net//foro/videojuegos-y-consolas.58/juegos-no-disponibles-steam.328078/,2012-12-14,2,2274
Conseguid una copia de Metro 2033 para Steam,ruvelro,https://www.adslzone.net//foro/videojuegos-y-consolas.58/conseguid-copia-metro-2033-steam.327797/,2012-12-11,2,1365
"Xbox 360 con internet, como sacarle partido",vicent_ps,https://www.adslzone.net//foro/videojuegos-y-consolas.58/xbox-360-internet-como-sacarle-partido.304367/,2012-03-11,3,3993
Test de velocidad PS3 muy lento,Anonymous,https://www.adslzone.net//foro/videojuegos-y-consolas.58/test-velocidad-ps3-muy-lento.322099/,2012-10-06,3,4282
"FIFA13 EL MAYOR BUG JAMOS VISTO, ESTO ES INCREIBLE !!",wanm28,https://www.adslzone.net//foro/videojuegos-y-consolas.58/fifa13-mayor-bug-jamos-visto-esto-es-increible.324712/,2012-11-06,7,1869
Ayuda encontrar juego,casidus,https://www.adslzone.net//foro/videojuegos-y-consolas.58/ayuda-encontrar-juego.319292/,2012-09-06,1,1215
¿Fallo del juego? AC La Hermandad,Anonymous,https://www.adslzone.net//foro/videojuegos-y-consolas.58/fallo-juego-ac-hermandad.324347/,2012-11-02,0,997
ayuda con configuracion del mando para fifa 13 de ps3.,abujanja,https://www.adslzone.net//foro/videojuegos-y-consolas.58/ayuda-configuracion-mando-fifa-13-ps3.324270/,2012-11-01,0,1841
Return to Castle Wolfenstein,Anonymous,https://www.adslzone.net//foro/videojuegos-y-consolas.58/return-to-castle-wolfenstein.323322/,2012-10-21,3,1458
guia testamento de sherlock holmes,popeasturies,https://www.adslzone.net//foro/videojuegos-y-consolas.58/guia-testamento-sherlock-holmes.322748/,2012-10-14,2,2691
te gustaria ser beta-tester de fifa 13 ?,wanm28,https://www.adslzone.net//foro/videojuegos-y-consolas.58/te-gustaria-ser-beta-tester-fifa-13.322815/,2012-10-15,0,1151
guia el testamento de sherlock holmes,Anonymous,https://www.adslzone.net//foro/videojuegos-y-consolas.58/guia-testamento-sherlock-holmes.321471/,2012-09-29,1,5484
Buscando.,Anonymous,https://www.adslzone.net//foro/videojuegos-y-consolas.58/buscando.320332/,2012-09-17,4,1502
